0 verbose cli C:\Program Files\nodejs\node.exe C:\Program Files\nodejs\node_modules\npm\bin\npm-cli.js
1 info using npm@11.16.0
2 info using node@v24.18.0
3 silly config load:file:C:\Program Files\nodejs\node_modules\npm\npmrc
4 silly config load:file:C:\Users\admin\Documents\Codex\2026-07-16\cr\outputs\study-room-booking\client\.npmrc
5 silly config load:file:C:\Users\admin\.npmrc
6 silly config load:file:C:\Users\admin\AppData\Roaming\npm\etc\npmrc
7 verbose title npm install
8 verbose argv "install"
9 verbose logfile logs-max:10 dir:C:\Users\admin\Documents\Codex\2026-07-16\cr\outputs\study-room-booking\client\.npm-cache\_logs\2026-07-16T14_04_36_033Z-
10 verbose logfile C:\Users\admin\Documents\Codex\2026-07-16\cr\outputs\study-room-booking\client\.npm-cache\_logs\2026-07-16T14_04_36_033Z-debug-0.log
11 silly logfile done cleaning log files
12 silly packumentCache heap:2348810240 maxSize:587202560 maxEntrySize:293601280
13 silly idealTree buildDeps
14 silly fetch manifest axios@^1.7.9
15 silly packumentCache full:https://registry.npmjs.org/axios cache-miss
16 http fetch GET 200 https://registry.npmjs.org/axios 297ms (cache miss)
17 silly packumentCache full:https://registry.npmjs.org/axios set size:undefined disposed:false
18 silly fetch manifest lucide-react@^0.468.0
19 silly packumentCache full:https://registry.npmjs.org/lucide-react cache-miss
20 http fetch GET 200 https://registry.npmjs.org/npm 399ms
21 http fetch GET 200 https://registry.npmjs.org/lucide-react 482ms (cache miss)
22 silly packumentCache full:https://registry.npmjs.org/lucide-react set size:undefined disposed:false
23 silly fetch manifest react@^18.3.1
24 silly packumentCache full:https://registry.npmjs.org/react cache-miss
25 http fetch GET 200 https://registry.npmjs.org/react 368ms (cache miss)
26 silly packumentCache full:https://registry.npmjs.org/react set size:undefined disposed:false
27 silly fetch manifest react-dom@^18.3.1
28 silly packumentCache full:https://registry.npmjs.org/react-dom cache-miss
29 http fetch GET 200 https://registry.npmjs.org/react-dom 932ms (cache miss)
30 silly packumentCache full:https://registry.npmjs.org/react-dom set size:undefined disposed:false
31 silly fetch manifest react-router-dom@^7.1.1
32 silly packumentCache full:https://registry.npmjs.org/react-router-dom cache-miss
33 http fetch GET 200 https://registry.npmjs.org/react-router-dom 154ms (cache miss)
34 silly packumentCache full:https://registry.npmjs.org/react-router-dom set size:undefined disposed:false
35 silly fetch manifest @vitejs/plugin-react@^4.3.4
36 silly packumentCache full:https://registry.npmjs.org/@vitejs%2fplugin-react cache-miss
37 http fetch GET 200 https://registry.npmjs.org/@vitejs%2fplugin-react 109ms (cache miss)
38 silly packumentCache full:https://registry.npmjs.org/@vitejs%2fplugin-react set size:undefined disposed:false
39 silly fetch manifest vite@^6.0.5
40 silly packumentCache full:https://registry.npmjs.org/vite cache-miss
41 http fetch GET 200 https://registry.npmjs.org/vite 1764ms (cache miss)
42 silly packumentCache full:https://registry.npmjs.org/vite set size:undefined disposed:false
43 silly fetch manifest @types/node@^18.0.0 || ^20.0.0 || >=22.0.0
44 silly packumentCache full:https://registry.npmjs.org/@types%2fnode cache-miss
45 http fetch GET 200 https://registry.npmjs.org/@types%2fnode 808ms (cache miss)
46 silly packumentCache full:https://registry.npmjs.org/@types%2fnode set size:undefined disposed:false
47 silly fetch manifest jiti@>=1.21.0
48 silly packumentCache full:https://registry.npmjs.org/jiti cache-miss
49 http fetch GET 200 https://registry.npmjs.org/jiti 94ms (cache miss)
50 silly packumentCache full:https://registry.npmjs.org/jiti set size:undefined disposed:false
51 silly fetch manifest less@*
52 silly packumentCache full:https://registry.npmjs.org/less cache-miss
53 http fetch GET 200 https://registry.npmjs.org/less 363ms (cache miss)
54 silly packumentCache full:https://registry.npmjs.org/less set size:undefined disposed:false
55 silly fetch manifest lightningcss@^1.21.0
56 silly packumentCache full:https://registry.npmjs.org/lightningcss cache-miss
57 http fetch GET 200 https://registry.npmjs.org/lightningcss 102ms (cache miss)
58 silly packumentCache full:https://registry.npmjs.org/lightningcss set size:undefined disposed:false
59 silly fetch manifest sass@*
60 silly packumentCache full:https://registry.npmjs.org/sass cache-miss
61 http fetch GET 200 https://registry.npmjs.org/sass 379ms (cache miss)
62 silly packumentCache full:https://registry.npmjs.org/sass set size:undefined disposed:false
63 silly fetch manifest sass-embedded@*
64 silly packumentCache full:https://registry.npmjs.org/sass-embedded cache-miss
65 http fetch GET 200 https://registry.npmjs.org/sass-embedded 85ms (cache miss)
66 silly packumentCache full:https://registry.npmjs.org/sass-embedded set size:undefined disposed:false
67 silly fetch manifest stylus@*
68 silly packumentCache full:https://registry.npmjs.org/stylus cache-miss
69 http fetch GET 200 https://registry.npmjs.org/stylus 326ms (cache miss)
70 silly packumentCache full:https://registry.npmjs.org/stylus set size:undefined disposed:false
71 silly fetch manifest sugarss@*
72 silly packumentCache full:https://registry.npmjs.org/sugarss cache-miss
73 http fetch GET 200 https://registry.npmjs.org/sugarss 92ms (cache miss)
74 silly packumentCache full:https://registry.npmjs.org/sugarss set size:undefined disposed:false
75 silly fetch manifest postcss@^8.3.3
76 silly packumentCache full:https://registry.npmjs.org/postcss cache-miss
77 http fetch GET 200 https://registry.npmjs.org/postcss 368ms (cache miss)
78 silly packumentCache full:https://registry.npmjs.org/postcss set size:undefined disposed:false
79 silly fetch manifest terser@^5.16.0
80 silly packumentCache full:https://registry.npmjs.org/terser cache-miss
81 http fetch GET 200 https://registry.npmjs.org/terser 104ms (cache miss)
82 silly packumentCache full:https://registry.npmjs.org/terser set size:undefined disposed:false
83 silly fetch manifest tsx@^4.8.1
84 silly packumentCache full:https://registry.npmjs.org/tsx cache-miss
85 http fetch GET 200 https://registry.npmjs.org/tsx 104ms (cache miss)
86 silly packumentCache full:https://registry.npmjs.org/tsx set size:undefined disposed:false
87 silly fetch manifest yaml@^2.4.2
88 silly packumentCache full:https://registry.npmjs.org/yaml cache-miss
89 http fetch GET 200 https://registry.npmjs.org/yaml 153ms (cache miss)
90 silly packumentCache full:https://registry.npmjs.org/yaml set size:undefined disposed:false
91 silly placeDep ROOT @vitejs/plugin-react@4.7.0 OK for: study-room-client@1.0.0 want: ^4.3.4
92 silly placeDep ROOT vite@6.4.3 OK for: @vitejs/plugin-react@4.7.0 want: ^4.2.0 || ^5.0.0 || ^6.0.0 || ^7.0.0
93 silly placeDep ROOT axios@1.18.1 OK for: study-room-client@1.0.0 want: ^1.7.9
94 silly placeDep ROOT lucide-react@0.468.0 OK for: study-room-client@1.0.0 want: ^0.468.0
95 silly placeDep ROOT react@18.3.1 OK for: lucide-react@0.468.0 want: ^16.5.1 || ^17.0.0 || ^18.0.0 || ^19.0.0-rc
96 silly placeDep ROOT react-dom@18.3.1 OK for: study-room-client@1.0.0 want: ^18.3.1
97 silly placeDep ROOT react-router-dom@7.18.1 OK for: study-room-client@1.0.0 want: ^7.1.1
98 silly fetch manifest @babel/core@^7.28.0
99 silly packumentCache full:https://registry.npmjs.org/@babel%2fcore cache-miss
100 silly fetch manifest react-refresh@^0.17.0
101 silly packumentCache full:https://registry.npmjs.org/react-refresh cache-miss
102 silly fetch manifest @types/babel__core@^7.20.5
103 silly packumentCache full:https://registry.npmjs.org/@types%2fbabel__core cache-miss
104 silly fetch manifest @rolldown/pluginutils@1.0.0-beta.27
105 silly packumentCache full:https://registry.npmjs.org/@rolldown%2fpluginutils cache-miss
106 silly fetch manifest @babel/plugin-transform-react-jsx-self@^7.27.1
107 silly packumentCache full:https://registry.npmjs.org/@babel%2fplugin-transform-react-jsx-self cache-miss
108 silly fetch manifest @babel/plugin-transform-react-jsx-source@^7.27.1
109 silly packumentCache full:https://registry.npmjs.org/@babel%2fplugin-transform-react-jsx-source cache-miss
110 silly fetch manifest fdir@^6.4.4
111 silly packumentCache full:https://registry.npmjs.org/fdir cache-miss
112 http fetch GET 200 https://registry.npmjs.org/@babel%2fcore 233ms (cache miss)
113 silly packumentCache full:https://registry.npmjs.org/@babel%2fcore set size:undefined disposed:false
114 silly fetch manifest rollup@^4.34.9
115 silly packumentCache full:https://registry.npmjs.org/rollup cache-miss
116 http fetch GET 200 https://registry.npmjs.org/fdir 384ms (cache miss)
117 silly packumentCache full:https://registry.npmjs.org/fdir set size:undefined disposed:false
118 silly fetch manifest esbuild@^0.25.0
119 silly packumentCache full:https://registry.npmjs.org/esbuild cache-miss
120 http fetch GET 200 https://registry.npmjs.org/@babel%2fplugin-transform-react-jsx-self 397ms (cache miss)
121 silly packumentCache full:https://registry.npmjs.org/@babel%2fplugin-transform-react-jsx-self set size:undefined disposed:false
122 silly fetch manifest postcss@^8.5.3
123 silly packumentCache full:https://registry.npmjs.org/postcss cache-miss
124 http cache https://registry.npmjs.org/postcss 28ms (cache hit)
125 silly packumentCache full:https://registry.npmjs.org/postcss set size:736604 disposed:false
126 silly fetch manifest picomatch@^4.0.2
127 silly packumentCache full:https://registry.npmjs.org/picomatch cache-miss
128 http fetch GET 200 https://registry.npmjs.org/@babel%2fplugin-transform-react-jsx-source 513ms (cache miss)
129 silly packumentCache full:https://registry.npmjs.org/@babel%2fplugin-transform-react-jsx-source set size:undefined disposed:false
130 silly fetch manifest tinyglobby@^0.2.13
131 silly packumentCache full:https://registry.npmjs.org/tinyglobby cache-miss
132 http fetch GET 200 https://registry.npmjs.org/@rolldown%2fpluginutils 555ms (cache miss)
133 silly packumentCache full:https://registry.npmjs.org/@rolldown%2fpluginutils set size:undefined disposed:false
134 silly fetch manifest fsevents@~2.3.3
135 silly packumentCache full:https://registry.npmjs.org/fsevents cache-miss
136 http fetch GET 200 https://registry.npmjs.org/@types%2fbabel__core 578ms (cache miss)
137 silly packumentCache full:https://registry.npmjs.org/@types%2fbabel__core set size:undefined disposed:false
138 silly fetch manifest form-data@^4.0.5
139 silly packumentCache full:https://registry.npmjs.org/form-data cache-miss
140 http fetch GET 200 https://registry.npmjs.org/react-refresh 584ms (cache miss)
141 silly packumentCache full:https://registry.npmjs.org/react-refresh set size:undefined disposed:false
142 silly fetch manifest proxy-from-env@^2.1.0
143 silly packumentCache full:https://registry.npmjs.org/proxy-from-env cache-miss
144 http fetch GET 200 https://registry.npmjs.org/picomatch 212ms (cache miss)
145 silly packumentCache full:https://registry.npmjs.org/picomatch set size:undefined disposed:false
146 silly fetch manifest follow-redirects@^1.16.0
147 silly packumentCache full:https://registry.npmjs.org/follow-redirects cache-miss
148 http fetch GET 200 https://registry.npmjs.org/tinyglobby 178ms (cache miss)
149 silly packumentCache full:https://registry.npmjs.org/tinyglobby set size:undefined disposed:false
150 silly fetch manifest https-proxy-agent@^5.0.1
151 silly packumentCache full:https://registry.npmjs.org/https-proxy-agent cache-miss
152 http fetch GET 200 https://registry.npmjs.org/form-data 135ms (cache miss)
153 silly packumentCache full:https://registry.npmjs.org/form-data set size:undefined disposed:false
154 silly fetch manifest loose-envify@^1.1.0
155 silly packumentCache full:https://registry.npmjs.org/loose-envify cache-miss
156 http fetch GET 200 https://registry.npmjs.org/fsevents 154ms (cache miss)
157 silly packumentCache full:https://registry.npmjs.org/fsevents set size:undefined disposed:false
158 silly fetch manifest scheduler@^0.23.2
159 silly packumentCache full:https://registry.npmjs.org/scheduler cache-miss
160 http fetch GET 200 https://registry.npmjs.org/esbuild 354ms (cache miss)
161 silly packumentCache full:https://registry.npmjs.org/esbuild set size:undefined disposed:false
162 silly fetch manifest loose-envify@^1.1.0
163 silly packumentCache full:https://registry.npmjs.org/loose-envify cache-miss
164 http fetch GET 200 https://registry.npmjs.org/follow-redirects 121ms (cache miss)
165 silly packumentCache full:https://registry.npmjs.org/follow-redirects set size:undefined disposed:false
166 silly fetch manifest react-router@7.18.1
167 silly packumentCache full:https://registry.npmjs.org/react-router cache-miss
168 http fetch GET 200 https://registry.npmjs.org/https-proxy-agent 91ms (cache miss)
169 silly packumentCache full:https://registry.npmjs.org/https-proxy-agent set size:undefined disposed:false
170 http fetch GET 200 https://registry.npmjs.org/loose-envify 81ms (cache miss)
171 silly packumentCache full:https://registry.npmjs.org/loose-envify set size:undefined disposed:false
172 http fetch GET 200 https://registry.npmjs.org/loose-envify 71ms (cache miss)
173 silly packumentCache full:https://registry.npmjs.org/loose-envify set size:undefined disposed:false
174 http fetch GET 200 https://registry.npmjs.org/rollup 606ms (cache miss)
175 silly packumentCache full:https://registry.npmjs.org/rollup set size:undefined disposed:false
176 http fetch GET 200 https://registry.npmjs.org/proxy-from-env 314ms (cache miss)
177 silly packumentCache full:https://registry.npmjs.org/proxy-from-env set size:undefined disposed:false
178 http fetch GET 200 https://registry.npmjs.org/react-router 349ms (cache miss)
179 silly packumentCache full:https://registry.npmjs.org/react-router set size:undefined disposed:false
180 http fetch GET 200 https://registry.npmjs.org/scheduler 500ms (cache miss)
181 silly packumentCache full:https://registry.npmjs.org/scheduler set size:undefined disposed:false
182 silly placeDep ROOT @babel/core@7.29.7 OK for: @vitejs/plugin-react@4.7.0 want: ^7.28.0
183 silly placeDep ROOT @babel/plugin-transform-react-jsx-self@7.29.7 OK for: @vitejs/plugin-react@4.7.0 want: ^7.27.1
184 silly placeDep ROOT @babel/plugin-transform-react-jsx-source@7.29.7 OK for: @vitejs/plugin-react@4.7.0 want: ^7.27.1
185 silly placeDep ROOT @rolldown/pluginutils@1.0.0-beta.27 OK for: @vitejs/plugin-react@4.7.0 want: 1.0.0-beta.27
186 silly placeDep ROOT @types/babel__core@7.20.5 OK for: @vitejs/plugin-react@4.7.0 want: ^7.20.5
187 silly placeDep ROOT react-refresh@0.17.0 OK for: @vitejs/plugin-react@4.7.0 want: ^0.17.0
188 silly fetch manifest debug@^4.1.0
189 silly packumentCache full:https://registry.npmjs.org/debug cache-miss
190 silly fetch manifest json5@^2.2.3
191 silly packumentCache full:https://registry.npmjs.org/json5 cache-miss
192 silly fetch manifest semver@^6.3.1
193 silly packumentCache full:https://registry.npmjs.org/semver cache-miss
194 silly fetch manifest gensync@^1.0.0-beta.2
195 silly packumentCache full:https://registry.npmjs.org/gensync cache-miss
196 silly fetch manifest @babel/types@^7.29.7
197 silly packumentCache full:https://registry.npmjs.org/@babel%2ftypes cache-miss
198 silly fetch manifest @babel/parser@^7.29.7
199 silly packumentCache full:https://registry.npmjs.org/@babel%2fparser cache-miss
200 silly fetch manifest @babel/helpers@^7.29.7
201 silly packumentCache full:https://registry.npmjs.org/@babel%2fhelpers cache-miss
202 http fetch GET 200 https://registry.npmjs.org/json5 85ms (cache miss)
203 silly packumentCache full:https://registry.npmjs.org/json5 set size:undefined disposed:false
204 silly fetch manifest @babel/template@^7.29.7
205 silly packumentCache full:https://registry.npmjs.org/@babel%2ftemplate cache-miss
206 http fetch GET 200 https://registry.npmjs.org/gensync 102ms (cache miss)
207 silly packumentCache full:https://registry.npmjs.org/gensync set size:undefined disposed:false
208 silly fetch manifest @babel/traverse@^7.29.7
209 silly packumentCache full:https://registry.npmjs.org/@babel%2ftraverse cache-miss
210 http fetch GET 200 https://registry.npmjs.org/semver 121ms (cache miss)
211 silly packumentCache full:https://registry.npmjs.org/semver set size:undefined disposed:false
212 silly fetch manifest @babel/generator@^7.29.7
213 silly packumentCache full:https://registry.npmjs.org/@babel%2fgenerator cache-miss
214 http fetch GET 200 https://registry.npmjs.org/debug 136ms (cache miss)
215 silly packumentCache full:https://registry.npmjs.org/debug set size:undefined disposed:false
216 silly fetch manifest @babel/code-frame@^7.29.7
217 silly packumentCache full:https://registry.npmjs.org/@babel%2fcode-frame cache-miss
218 http fetch GET 200 https://registry.npmjs.org/@babel%2fhelpers 154ms (cache miss)
219 silly packumentCache full:https://registry.npmjs.org/@babel%2fhelpers set size:undefined disposed:false
220 silly fetch manifest convert-source-map@^2.0.0
221 silly packumentCache full:https://registry.npmjs.org/convert-source-map cache-miss
222 http fetch GET 200 https://registry.npmjs.org/@babel%2fparser 168ms (cache miss)
223 silly packumentCache full:https://registry.npmjs.org/@babel%2fparser set size:undefined disposed:false
224 silly fetch manifest @jridgewell/remapping@^2.3.5
225 silly packumentCache full:https://registry.npmjs.org/@jridgewell%2fremapping cache-miss
226 http fetch GET 200 https://registry.npmjs.org/@babel%2ftypes 181ms (cache miss)
227 silly packumentCache full:https://registry.npmjs.org/@babel%2ftypes set size:undefined disposed:false
228 silly fetch manifest @babel/helper-module-transforms@^7.29.7
229 silly packumentCache full:https://registry.npmjs.org/@babel%2fhelper-module-transforms cache-miss
230 http fetch GET 200 https://registry.npmjs.org/@babel%2ftemplate 112ms (cache miss)
231 silly packumentCache full:https://registry.npmjs.org/@babel%2ftemplate set size:undefined disposed:false
232 silly fetch manifest @babel/helper-compilation-targets@^7.29.7
233 silly packumentCache full:https://registry.npmjs.org/@babel%2fhelper-compilation-targets cache-miss
234 http fetch GET 200 https://registry.npmjs.org/@jridgewell%2fremapping 90ms (cache miss)
235 silly packumentCache full:https://registry.npmjs.org/@jridgewell%2fremapping set size:undefined disposed:false
236 silly fetch manifest @babel/helper-plugin-utils@^7.29.7
237 silly packumentCache full:https://registry.npmjs.org/@babel%2fhelper-plugin-utils cache-miss
238 http fetch GET 200 https://registry.npmjs.org/convert-source-map 109ms (cache miss)
239 silly packumentCache full:https://registry.npmjs.org/convert-source-map set size:undefined disposed:false
240 silly fetch manifest @babel/helper-plugin-utils@^7.29.7
241 silly packumentCache full:https://registry.npmjs.org/@babel%2fhelper-plugin-utils cache-miss
242 http fetch GET 200 https://registry.npmjs.org/@babel%2fgenerator 155ms (cache miss)
243 silly packumentCache full:https://registry.npmjs.org/@babel%2fgenerator set size:undefined disposed:false
244 silly fetch manifest @babel/types@^7.20.7
245 silly packumentCache full:https://registry.npmjs.org/@babel%2ftypes cache-miss
246 http fetch GET 200 https://registry.npmjs.org/@babel%2fcode-frame 156ms (cache miss)
247 silly packumentCache full:https://registry.npmjs.org/@babel%2fcode-frame set size:undefined disposed:false
248 silly fetch manifest @babel/parser@^7.20.7
249 silly packumentCache full:https://registry.npmjs.org/@babel%2fparser cache-miss
250 http fetch GET 200 https://registry.npmjs.org/@babel%2ftraverse 199ms (cache miss)
251 silly packumentCache full:https://registry.npmjs.org/@babel%2ftraverse set size:undefined disposed:false
252 silly fetch manifest @types/babel__template@*
253 silly packumentCache full:https://registry.npmjs.org/@types%2fbabel__template cache-miss
254 http cache https://registry.npmjs.org/@babel%2ftypes 31ms (cache hit)
255 silly packumentCache full:https://registry.npmjs.org/@babel%2ftypes set size:500625 disposed:false
256 silly fetch manifest @types/babel__traverse@*
257 silly packumentCache full:https://registry.npmjs.org/@types%2fbabel__traverse cache-miss
258 http cache https://registry.npmjs.org/@babel%2fparser 34ms (cache hit)
259 silly packumentCache full:https://registry.npmjs.org/@babel%2fparser set size:735431 disposed:false
260 silly fetch manifest @types/babel__generator@*
261 silly packumentCache full:https://registry.npmjs.org/@types%2fbabel__generator cache-miss
262 http fetch GET 200 https://registry.npmjs.org/@babel%2fhelper-module-transforms 163ms (cache miss)
263 silly packumentCache full:https://registry.npmjs.org/@babel%2fhelper-module-transforms set size:undefined disposed:false
264 http fetch GET 200 https://registry.npmjs.org/@babel%2fhelper-plugin-utils 95ms (cache miss)
265 silly packumentCache full:https://registry.npmjs.org/@babel%2fhelper-plugin-utils set size:undefined disposed:false
266 http fetch GET 200 https://registry.npmjs.org/@types%2fbabel__traverse 80ms (cache miss)
267 silly packumentCache full:https://registry.npmjs.org/@types%2fbabel__traverse set size:undefined disposed:false
268 http fetch GET 200 https://registry.npmjs.org/@types%2fbabel__generator 76ms (cache miss)
269 silly packumentCache full:https://registry.npmjs.org/@types%2fbabel__generator set size:undefined disposed:false
270 http fetch GET 200 https://registry.npmjs.org/@babel%2fhelper-compilation-targets 386ms (cache miss)
271 silly packumentCache full:https://registry.npmjs.org/@babel%2fhelper-compilation-targets set size:undefined disposed:false
272 http fetch GET 200 https://registry.npmjs.org/@types%2fbabel__template 316ms (cache miss)
273 silly packumentCache full:https://registry.npmjs.org/@types%2fbabel__template set size:undefined disposed:false
274 http fetch GET 200 https://registry.npmjs.org/@babel%2fhelper-plugin-utils 367ms (cache miss)
275 silly packumentCache full:https://registry.npmjs.org/@babel%2fhelper-plugin-utils set size:undefined disposed:false
276 silly fetch manifest @babel/core@^7.0.0
277 silly packumentCache full:https://registry.npmjs.org/@babel%2fcore cache-miss
278 http cache https://registry.npmjs.org/@babel%2fcore 10ms (cache hit)
279 silly packumentCache full:https://registry.npmjs.org/@babel%2fcore set size:788258 disposed:false
280 silly placeDep ROOT @babel/code-frame@7.29.7 OK for: @babel/core@7.29.7 want: ^7.29.7
281 silly placeDep ROOT @babel/generator@7.29.7 OK for: @babel/core@7.29.7 want: ^7.29.7
282 silly placeDep ROOT @babel/helper-compilation-targets@7.29.7 OK for: @babel/core@7.29.7 want: ^7.29.7
283 silly placeDep ROOT @babel/helper-module-transforms@7.29.7 OK for: @babel/core@7.29.7 want: ^7.29.7
284 silly placeDep ROOT @babel/helpers@7.29.7 OK for: @babel/core@7.29.7 want: ^7.29.7
285 silly placeDep ROOT @babel/parser@7.29.7 OK for: @babel/core@7.29.7 want: ^7.29.7
286 silly placeDep ROOT @babel/template@7.29.7 OK for: @babel/core@7.29.7 want: ^7.29.7
287 silly placeDep ROOT @babel/traverse@7.29.7 OK for: @babel/core@7.29.7 want: ^7.29.7
288 silly placeDep ROOT @babel/types@7.29.7 OK for: @babel/core@7.29.7 want: ^7.29.7
289 silly placeDep ROOT @jridgewell/remapping@2.3.5 OK for: @babel/core@7.29.7 want: ^2.3.5
290 silly placeDep ROOT convert-source-map@2.0.0 OK for: @babel/core@7.29.7 want: ^2.0.0
291 silly placeDep ROOT debug@4.4.3 OK for: @babel/core@7.29.7 want: ^4.1.0
292 silly placeDep ROOT gensync@1.0.0-beta.2 OK for: @babel/core@7.29.7 want: ^1.0.0-beta.2
293 silly placeDep ROOT json5@2.2.3 OK for: @babel/core@7.29.7 want: ^2.2.3
294 silly placeDep ROOT semver@6.3.1 OK for: @babel/core@7.29.7 want: ^6.3.1
295 silly fetch manifest js-tokens@^4.0.0
296 silly packumentCache full:https://registry.npmjs.org/js-tokens cache-miss
297 silly fetch manifest picocolors@^1.1.1
298 silly packumentCache full:https://registry.npmjs.org/picocolors cache-miss
299 silly fetch manifest @babel/helper-validator-identifier@^7.29.7
300 silly packumentCache full:https://registry.npmjs.org/@babel%2fhelper-validator-identifier cache-miss
301 silly fetch manifest jsesc@^3.0.2
302 silly packumentCache full:https://registry.npmjs.org/jsesc cache-miss
303 silly fetch manifest @jridgewell/gen-mapping@^0.3.12
304 silly packumentCache full:https://registry.npmjs.org/@jridgewell%2fgen-mapping cache-miss
305 silly fetch manifest @jridgewell/trace-mapping@^0.3.28
306 silly packumentCache full:https://registry.npmjs.org/@jridgewell%2ftrace-mapping cache-miss
307 silly fetch manifest lru-cache@^5.1.1
308 silly packumentCache full:https://registry.npmjs.org/lru-cache cache-miss
309 http fetch GET 200 https://registry.npmjs.org/picocolors 93ms (cache miss)
310 silly packumentCache full:https://registry.npmjs.org/picocolors set size:undefined disposed:false
311 silly fetch manifest browserslist@^4.24.0
312 silly packumentCache full:https://registry.npmjs.org/browserslist cache-miss
313 http fetch GET 200 https://registry.npmjs.org/js-tokens 106ms (cache miss)
314 silly packumentCache full:https://registry.npmjs.org/js-tokens set size:undefined disposed:false
315 silly fetch manifest @babel/compat-data@^7.29.7
316 silly packumentCache full:https://registry.npmjs.org/@babel%2fcompat-data cache-miss
317 http fetch GET 200 https://registry.npmjs.org/jsesc 110ms (cache miss)
318 silly packumentCache full:https://registry.npmjs.org/jsesc set size:undefined disposed:false
319 silly fetch manifest @babel/helper-validator-option@^7.29.7
320 silly packumentCache full:https://registry.npmjs.org/@babel%2fhelper-validator-option cache-miss
321 http fetch GET 200 https://registry.npmjs.org/@babel%2fhelper-validator-identifier 119ms (cache miss)
322 silly packumentCache full:https://registry.npmjs.org/@babel%2fhelper-validator-identifier set size:undefined disposed:false
323 silly fetch manifest @babel/helper-module-imports@^7.29.7
324 silly packumentCache full:https://registry.npmjs.org/@babel%2fhelper-module-imports cache-miss
325 http fetch GET 200 https://registry.npmjs.org/@jridgewell%2ftrace-mapping 121ms (cache miss)
326 silly packumentCache full:https://registry.npmjs.org/@jridgewell%2ftrace-mapping set size:undefined disposed:false
327 silly fetch manifest debug@^4.3.1
328 silly packumentCache full:https://registry.npmjs.org/debug cache-miss
329 http fetch GET 200 https://registry.npmjs.org/@jridgewell%2fgen-mapping 130ms (cache miss)
330 silly packumentCache full:https://registry.npmjs.org/@jridgewell%2fgen-mapping set size:undefined disposed:false
331 silly fetch manifest @babel/helper-globals@^7.29.7
332 silly packumentCache full:https://registry.npmjs.org/@babel%2fhelper-globals cache-miss
333 http fetch GET 200 https://registry.npmjs.org/lru-cache 144ms (cache miss)
334 silly packumentCache full:https://registry.npmjs.org/lru-cache set size:undefined disposed:false
335 silly fetch manifest @babel/helper-string-parser@^7.29.7
336 silly packumentCache full:https://registry.npmjs.org/@babel%2fhelper-string-parser cache-miss
337 http cache https://registry.npmjs.org/debug 30ms (cache hit)
338 silly packumentCache full:https://registry.npmjs.org/debug set size:195840 disposed:false
339 silly fetch manifest @jridgewell/gen-mapping@^0.3.5
340 silly packumentCache full:https://registry.npmjs.org/@jridgewell%2fgen-mapping cache-miss
341 http cache https://registry.npmjs.org/@jridgewell%2fgen-mapping 9ms (cache hit)
342 silly packumentCache full:https://registry.npmjs.org/@jridgewell%2fgen-mapping set size:75941 disposed:false
343 silly fetch manifest @jridgewell/trace-mapping@^0.3.24
344 silly packumentCache full:https://registry.npmjs.org/@jridgewell%2ftrace-mapping cache-miss
345 http cache https://registry.npmjs.org/@jridgewell%2ftrace-mapping 16ms (cache hit)
346 silly packumentCache full:https://registry.npmjs.org/@jridgewell%2ftrace-mapping set size:170909 disposed:false
347 silly fetch manifest ms@^2.1.3
348 silly packumentCache full:https://registry.npmjs.org/ms cache-miss
349 http fetch GET 200 https://registry.npmjs.org/@babel%2fhelper-validator-option 87ms (cache miss)
350 silly packumentCache full:https://registry.npmjs.org/@babel%2fhelper-validator-option set size:undefined disposed:false
351 http fetch GET 200 https://registry.npmjs.org/browserslist 136ms (cache miss)
352 silly packumentCache full:https://registry.npmjs.org/browserslist set size:undefined disposed:false
353 http fetch GET 200 https://registry.npmjs.org/@babel%2fcompat-data 139ms (cache miss)
354 silly packumentCache full:https://registry.npmjs.org/@babel%2fcompat-data set size:undefined disposed:false
355 http fetch GET 200 https://registry.npmjs.org/@babel%2fhelper-module-imports 128ms (cache miss)
356 silly packumentCache full:https://registry.npmjs.org/@babel%2fhelper-module-imports set size:undefined disposed:false
357 http fetch GET 200 https://registry.npmjs.org/ms 98ms (cache miss)
358 silly packumentCache full:https://registry.npmjs.org/ms set size:undefined disposed:false
359 http fetch GET 200 https://registry.npmjs.org/@babel%2fhelper-globals 358ms (cache miss)
360 silly packumentCache full:https://registry.npmjs.org/@babel%2fhelper-globals set size:undefined disposed:false
361 http fetch GET 200 https://registry.npmjs.org/@babel%2fhelper-string-parser 338ms (cache miss)
362 silly packumentCache full:https://registry.npmjs.org/@babel%2fhelper-string-parser set size:undefined disposed:false
363 silly placeDep ROOT @babel/helper-validator-identifier@7.29.7 OK for: @babel/code-frame@7.29.7 want: ^7.29.7
364 silly placeDep ROOT js-tokens@4.0.0 OK for: @babel/code-frame@7.29.7 want: ^4.0.0
365 silly placeDep ROOT picocolors@1.1.1 OK for: @babel/code-frame@7.29.7 want: ^1.1.1
366 silly placeDep ROOT @jridgewell/gen-mapping@0.3.13 OK for: @babel/generator@7.29.7 want: ^0.3.12
367 silly placeDep ROOT @jridgewell/trace-mapping@0.3.31 OK for: @babel/generator@7.29.7 want: ^0.3.28
368 silly placeDep ROOT jsesc@3.1.0 OK for: @babel/generator@7.29.7 want: ^3.0.2
369 silly fetch manifest @jridgewell/sourcemap-codec@^1.5.0
370 silly packumentCache full:https://registry.npmjs.org/@jridgewell%2fsourcemap-codec cache-miss
371 silly fetch manifest @jridgewell/resolve-uri@^3.1.0
372 silly packumentCache full:https://registry.npmjs.org/@jridgewell%2fresolve-uri cache-miss
373 silly fetch manifest @jridgewell/sourcemap-codec@^1.4.14
374 silly packumentCache full:https://registry.npmjs.org/@jridgewell%2fsourcemap-codec cache-miss
375 http fetch GET 200 https://registry.npmjs.org/@jridgewell%2fsourcemap-codec 87ms (cache miss)
376 silly packumentCache full:https://registry.npmjs.org/@jridgewell%2fsourcemap-codec set size:undefined disposed:false
377 http fetch GET 200 https://registry.npmjs.org/@jridgewell%2fsourcemap-codec 229ms (cache miss)
378 silly packumentCache full:https://registry.npmjs.org/@jridgewell%2fsourcemap-codec set size:undefined disposed:false
379 http fetch GET 200 https://registry.npmjs.org/@jridgewell%2fresolve-uri 233ms (cache miss)
380 silly packumentCache full:https://registry.npmjs.org/@jridgewell%2fresolve-uri set size:undefined disposed:false
381 silly placeDep ROOT @babel/compat-data@7.29.7 OK for: @babel/helper-compilation-targets@7.29.7 want: ^7.29.7
382 silly placeDep ROOT @babel/helper-validator-option@7.29.7 OK for: @babel/helper-compilation-targets@7.29.7 want: ^7.29.7
383 silly placeDep ROOT browserslist@4.28.6 OK for: @babel/helper-compilation-targets@7.29.7 want: ^4.24.0
384 silly placeDep ROOT lru-cache@5.1.1 OK for: @babel/helper-compilation-targets@7.29.7 want: ^5.1.1
385 silly fetch manifest caniuse-lite@^1.0.30001803
386 silly packumentCache full:https://registry.npmjs.org/caniuse-lite cache-miss
387 silly fetch manifest node-releases@^2.0.51
388 silly packumentCache full:https://registry.npmjs.org/node-releases cache-miss
389 silly fetch manifest electron-to-chromium@^1.5.389
390 silly packumentCache full:https://registry.npmjs.org/electron-to-chromium cache-miss
391 silly fetch manifest update-browserslist-db@^1.2.3
392 silly packumentCache full:https://registry.npmjs.org/update-browserslist-db cache-miss
393 silly fetch manifest baseline-browser-mapping@^2.10.42
394 silly packumentCache full:https://registry.npmjs.org/baseline-browser-mapping cache-miss
395 silly fetch manifest yallist@^3.0.2
396 silly packumentCache full:https://registry.npmjs.org/yallist cache-miss
397 http fetch GET 200 https://registry.npmjs.org/yallist 86ms (cache miss)
398 silly packumentCache full:https://registry.npmjs.org/yallist set size:undefined disposed:false
399 http fetch GET 200 https://registry.npmjs.org/update-browserslist-db 92ms (cache miss)
400 silly packumentCache full:https://registry.npmjs.org/update-browserslist-db set size:undefined disposed:false
401 http fetch GET 200 https://registry.npmjs.org/baseline-browser-mapping 116ms (cache miss)
402 silly packumentCache full:https://registry.npmjs.org/baseline-browser-mapping set size:undefined disposed:false
403 http fetch GET 200 https://registry.npmjs.org/node-releases 136ms (cache miss)
404 silly packumentCache full:https://registry.npmjs.org/node-releases set size:undefined disposed:false
405 http fetch GET 200 https://registry.npmjs.org/caniuse-lite 359ms (cache miss)
406 silly packumentCache full:https://registry.npmjs.org/caniuse-lite set size:undefined disposed:false
407 http fetch GET 200 https://registry.npmjs.org/electron-to-chromium 650ms (cache miss)
408 silly packumentCache full:https://registry.npmjs.org/electron-to-chromium set size:undefined disposed:false
409 silly placeDep ROOT @babel/helper-module-imports@7.29.7 OK for: @babel/helper-module-transforms@7.29.7 want: ^7.29.7
410 silly placeDep ROOT @babel/helper-plugin-utils@7.29.7 OK for: @babel/plugin-transform-react-jsx-self@7.29.7 want: ^7.29.7
411 silly placeDep ROOT @babel/helper-globals@7.29.7 OK for: @babel/traverse@7.29.7 want: ^7.29.7
412 silly placeDep ROOT @babel/helper-string-parser@7.29.7 OK for: @babel/types@7.29.7 want: ^7.29.7
413 silly placeDep ROOT @jridgewell/sourcemap-codec@1.5.5 OK for: @jridgewell/gen-mapping@0.3.13 want: ^1.5.0
414 silly placeDep ROOT @jridgewell/resolve-uri@3.1.2 OK for: @jridgewell/trace-mapping@0.3.31 want: ^3.1.0
415 silly placeDep ROOT @types/babel__generator@7.27.0 OK for: @types/babel__core@7.20.5 want: *
416 silly placeDep ROOT @types/babel__template@7.4.4 OK for: @types/babel__core@7.20.5 want: *
417 silly placeDep ROOT @types/babel__traverse@7.28.0 OK for: @types/babel__core@7.20.5 want: *
418 silly placeDep ROOT follow-redirects@1.16.0 OK for: axios@1.18.1 want: ^1.16.0
419 silly placeDep ROOT form-data@4.0.6 OK for: axios@1.18.1 want: ^4.0.5
420 silly placeDep ROOT https-proxy-agent@5.0.1 OK for: axios@1.18.1 want: ^5.0.1
421 silly placeDep ROOT proxy-from-env@2.1.0 OK for: axios@1.18.1 want: ^2.1.0
422 silly fetch manifest hasown@^2.0.4
423 silly packumentCache full:https://registry.npmjs.org/hasown cache-miss
424 silly fetch manifest asynckit@^0.4.0
425 silly packumentCache full:https://registry.npmjs.org/asynckit cache-miss
426 silly fetch manifest mime-types@^2.1.35
427 silly packumentCache full:https://registry.npmjs.org/mime-types cache-miss
428 silly fetch manifest combined-stream@^1.0.8
429 silly packumentCache full:https://registry.npmjs.org/combined-stream cache-miss
430 silly fetch manifest es-set-tostringtag@^2.1.0
431 silly packumentCache full:https://registry.npmjs.org/es-set-tostringtag cache-miss
432 silly fetch manifest agent-base@6
433 silly packumentCache full:https://registry.npmjs.org/agent-base cache-miss
434 http fetch GET 200 https://registry.npmjs.org/hasown 94ms (cache miss)
435 silly packumentCache full:https://registry.npmjs.org/hasown set size:undefined disposed:false
436 http fetch GET 200 https://registry.npmjs.org/mime-types 96ms (cache miss)
437 silly packumentCache full:https://registry.npmjs.org/mime-types set size:undefined disposed:false
438 http fetch GET 200 https://registry.npmjs.org/agent-base 96ms (cache miss)
439 silly packumentCache full:https://registry.npmjs.org/agent-base set size:undefined disposed:false
440 http fetch GET 200 https://registry.npmjs.org/combined-stream 336ms (cache miss)
441 silly packumentCache full:https://registry.npmjs.org/combined-stream set size:undefined disposed:false
442 http fetch GET 200 https://registry.npmjs.org/asynckit 347ms (cache miss)
443 silly packumentCache full:https://registry.npmjs.org/asynckit set size:undefined disposed:false
444 http fetch GET 200 https://registry.npmjs.org/es-set-tostringtag 359ms (cache miss)
445 silly packumentCache full:https://registry.npmjs.org/es-set-tostringtag set size:undefined disposed:false
446 silly fetch manifest browserslist@>= 4.21.0
447 silly packumentCache full:https://registry.npmjs.org/browserslist cache-miss
448 http cache https://registry.npmjs.org/browserslist 13ms (cache hit)
449 silly packumentCache full:https://registry.npmjs.org/browserslist set size:514014 disposed:false
450 silly placeDep ROOT baseline-browser-mapping@2.10.43 OK for: browserslist@4.28.6 want: ^2.10.42
451 silly placeDep ROOT caniuse-lite@1.0.30001806 OK for: browserslist@4.28.6 want: ^1.0.30001803
452 silly placeDep ROOT electron-to-chromium@1.5.392 OK for: browserslist@4.28.6 want: ^1.5.389
453 silly placeDep ROOT node-releases@2.0.51 OK for: browserslist@4.28.6 want: ^2.0.51
454 silly placeDep ROOT update-browserslist-db@1.2.3 OK for: browserslist@4.28.6 want: ^1.2.3
455 silly fetch manifest escalade@^3.2.0
456 silly packumentCache full:https://registry.npmjs.org/escalade cache-miss
457 http fetch GET 200 https://registry.npmjs.org/escalade 76ms (cache miss)
458 silly packumentCache full:https://registry.npmjs.org/escalade set size:undefined disposed:false
459 silly placeDep ROOT ms@2.1.3 OK for: debug@4.4.3 want: ^2.1.3
460 silly placeDep ROOT asynckit@0.4.0 OK for: form-data@4.0.6 want: ^0.4.0
461 silly placeDep ROOT combined-stream@1.0.8 OK for: form-data@4.0.6 want: ^1.0.8
462 silly placeDep ROOT es-set-tostringtag@2.1.0 OK for: form-data@4.0.6 want: ^2.1.0
463 silly placeDep ROOT hasown@2.0.4 OK for: form-data@4.0.6 want: ^2.0.4
464 silly placeDep ROOT mime-types@2.1.35 OK for: form-data@4.0.6 want: ^2.1.35
465 silly fetch manifest delayed-stream@~1.0.0
466 silly packumentCache full:https://registry.npmjs.org/delayed-stream cache-miss
467 silly fetch manifest es-errors@^1.3.0
468 silly packumentCache full:https://registry.npmjs.org/es-errors cache-miss
469 silly fetch manifest get-intrinsic@^1.2.6
470 silly packumentCache full:https://registry.npmjs.org/get-intrinsic cache-miss
471 silly fetch manifest has-tostringtag@^1.0.2
472 silly packumentCache full:https://registry.npmjs.org/has-tostringtag cache-miss
473 silly fetch manifest hasown@^2.0.2
474 silly packumentCache full:https://registry.npmjs.org/hasown cache-miss
475 silly fetch manifest function-bind@^1.1.2
476 silly packumentCache full:https://registry.npmjs.org/function-bind cache-miss
477 silly fetch manifest mime-db@1.52.0
478 silly packumentCache full:https://registry.npmjs.org/mime-db cache-miss
479 http cache https://registry.npmjs.org/hasown 18ms (cache hit)
480 silly packumentCache full:https://registry.npmjs.org/hasown set size:18361 disposed:false
481 http fetch GET 200 https://registry.npmjs.org/delayed-stream 88ms (cache miss)
482 silly packumentCache full:https://registry.npmjs.org/delayed-stream set size:undefined disposed:false
483 http fetch GET 200 https://registry.npmjs.org/get-intrinsic 90ms (cache miss)
484 silly packumentCache full:https://registry.npmjs.org/get-intrinsic set size:undefined disposed:false
485 http fetch GET 200 https://registry.npmjs.org/function-bind 92ms (cache miss)
486 silly packumentCache full:https://registry.npmjs.org/function-bind set size:undefined disposed:false
487 http fetch GET 200 https://registry.npmjs.org/mime-db 98ms (cache miss)
488 silly packumentCache full:https://registry.npmjs.org/mime-db set size:undefined disposed:false
489 http fetch GET 200 https://registry.npmjs.org/has-tostringtag 342ms (cache miss)
490 silly packumentCache full:https://registry.npmjs.org/has-tostringtag set size:undefined disposed:false
491 http fetch GET 200 https://registry.npmjs.org/es-errors 348ms (cache miss)
492 silly packumentCache full:https://registry.npmjs.org/es-errors set size:undefined disposed:false
493 silly placeDep ROOT delayed-stream@1.0.0 OK for: combined-stream@1.0.8 want: ~1.0.0
494 silly placeDep ROOT es-errors@1.3.0 OK for: es-set-tostringtag@2.1.0 want: ^1.3.0
495 silly placeDep ROOT get-intrinsic@1.3.0 OK for: es-set-tostringtag@2.1.0 want: ^1.2.6
496 silly placeDep ROOT has-tostringtag@1.0.2 OK for: es-set-tostringtag@2.1.0 want: ^1.0.2
497 silly fetch manifest gopd@^1.2.0
498 silly packumentCache full:https://registry.npmjs.org/gopd cache-miss
499 silly fetch manifest get-proto@^1.0.1
500 silly packumentCache full:https://registry.npmjs.org/get-proto cache-miss
501 silly fetch manifest has-symbols@^1.1.0
502 silly packumentCache full:https://registry.npmjs.org/has-symbols cache-miss
503 silly fetch manifest es-object-atoms@^1.1.1
504 silly packumentCache full:https://registry.npmjs.org/es-object-atoms cache-miss
505 silly fetch manifest math-intrinsics@^1.1.0
506 silly packumentCache full:https://registry.npmjs.org/math-intrinsics cache-miss
507 silly fetch manifest es-define-property@^1.0.1
508 silly packumentCache full:https://registry.npmjs.org/es-define-property cache-miss
509 silly fetch manifest call-bind-apply-helpers@^1.0.2
510 silly packumentCache full:https://registry.npmjs.org/call-bind-apply-helpers cache-miss
511 http fetch GET 200 https://registry.npmjs.org/es-define-property 112ms (cache miss)
512 silly packumentCache full:https://registry.npmjs.org/es-define-property set size:undefined disposed:false
513 silly fetch manifest has-symbols@^1.0.3
514 silly packumentCache full:https://registry.npmjs.org/has-symbols cache-miss
515 http fetch GET 200 https://registry.npmjs.org/gopd 117ms (cache miss)
516 silly packumentCache full:https://registry.npmjs.org/gopd set size:undefined disposed:false
517 http fetch GET 200 https://registry.npmjs.org/es-object-atoms 125ms (cache miss)
518 silly packumentCache full:https://registry.npmjs.org/es-object-atoms set size:undefined disposed:false
519 http fetch GET 200 https://registry.npmjs.org/call-bind-apply-helpers 126ms (cache miss)
520 silly packumentCache full:https://registry.npmjs.org/call-bind-apply-helpers set size:undefined disposed:false
521 http fetch GET 200 https://registry.npmjs.org/get-proto 130ms (cache miss)
522 silly packumentCache full:https://registry.npmjs.org/get-proto set size:undefined disposed:false
523 http fetch GET 200 https://registry.npmjs.org/has-symbols 135ms (cache miss)
524 silly packumentCache full:https://registry.npmjs.org/has-symbols set size:undefined disposed:false
525 http fetch GET 200 https://registry.npmjs.org/math-intrinsics 138ms (cache miss)
526 silly packumentCache full:https://registry.npmjs.org/math-intrinsics set size:undefined disposed:false
527 http fetch GET 200 https://registry.npmjs.org/has-symbols 69ms (cache miss)
528 silly packumentCache full:https://registry.npmjs.org/has-symbols set size:undefined disposed:false
529 silly placeDep ROOT call-bind-apply-helpers@1.0.2 OK for: get-intrinsic@1.3.0 want: ^1.0.2
530 silly placeDep ROOT es-define-property@1.0.1 OK for: get-intrinsic@1.3.0 want: ^1.0.1
531 silly placeDep ROOT es-object-atoms@1.1.2 OK for: get-intrinsic@1.3.0 want: ^1.1.1
532 silly placeDep ROOT function-bind@1.1.2 OK for: get-intrinsic@1.3.0 want: ^1.1.2
533 silly placeDep ROOT get-proto@1.0.1 OK for: get-intrinsic@1.3.0 want: ^1.0.1
534 silly placeDep ROOT gopd@1.2.0 OK for: get-intrinsic@1.3.0 want: ^1.2.0
535 silly placeDep ROOT has-symbols@1.1.0 OK for: get-intrinsic@1.3.0 want: ^1.1.0
536 silly placeDep ROOT math-intrinsics@1.1.0 OK for: get-intrinsic@1.3.0 want: ^1.1.0
537 silly fetch manifest dunder-proto@^1.0.1
538 silly packumentCache full:https://registry.npmjs.org/dunder-proto cache-miss
539 http fetch GET 200 https://registry.npmjs.org/dunder-proto 62ms (cache miss)
540 silly packumentCache full:https://registry.npmjs.org/dunder-proto set size:undefined disposed:false
541 silly placeDep ROOT dunder-proto@1.0.1 OK for: get-proto@1.0.1 want: ^1.0.1
542 silly placeDep ROOT agent-base@6.0.2 OK for: https-proxy-agent@5.0.1 want: 6
543 silly placeDep ROOT yallist@3.1.1 OK for: lru-cache@5.1.1 want: ^3.0.2
544 silly placeDep ROOT mime-db@1.52.0 OK for: mime-types@2.1.35 want: 1.52.0
545 silly placeDep ROOT loose-envify@1.4.0 OK for: react@18.3.1 want: ^1.1.0
546 silly placeDep ROOT scheduler@0.23.2 OK for: react-dom@18.3.1 want: ^0.23.2
547 silly fetch manifest react@>=18
548 silly packumentCache full:https://registry.npmjs.org/react cache-miss
549 http cache https://registry.npmjs.org/react 29ms (cache hit)
550 silly packumentCache full:https://registry.npmjs.org/react set size:6796788 disposed:false
551 silly fetch manifest react-dom@>=18
552 silly packumentCache full:https://registry.npmjs.org/react-dom cache-miss
553 http cache https://registry.npmjs.org/react-dom 62ms (cache hit)
554 silly packumentCache full:https://registry.npmjs.org/react-dom set size:9106365 disposed:false
555 silly placeDep ROOT react-router@7.18.1 OK for: react-router-dom@7.18.1 want: 7.18.1
556 silly fetch manifest cookie@^1.0.1
557 silly packumentCache full:https://registry.npmjs.org/cookie cache-miss
558 silly fetch manifest set-cookie-parser@^2.6.0
559 silly packumentCache full:https://registry.npmjs.org/set-cookie-parser cache-miss
560 http fetch GET 200 https://registry.npmjs.org/cookie 76ms (cache miss)
561 silly packumentCache full:https://registry.npmjs.org/cookie set size:undefined disposed:false
562 http fetch GET 200 https://registry.npmjs.org/set-cookie-parser 82ms (cache miss)
563 silly packumentCache full:https://registry.npmjs.org/set-cookie-parser set size:undefined disposed:false
564 silly placeDep ROOT cookie@1.1.1 OK for: react-router@7.18.1 want: ^1.0.1
565 silly placeDep ROOT set-cookie-parser@2.7.2 OK for: react-router@7.18.1 want: ^2.6.0
566 silly placeDep ROOT escalade@3.2.0 OK for: update-browserslist-db@1.2.3 want: ^3.2.0
567 silly placeDep ROOT esbuild@0.25.12 OK for: vite@6.4.3 want: ^0.25.0
568 silly placeDep ROOT fdir@6.5.0 OK for: vite@6.4.3 want: ^6.4.4
569 silly placeDep ROOT fsevents@2.3.3 OK for: vite@6.4.3 want: ~2.3.3
570 silly placeDep ROOT picomatch@4.0.5 OK for: vite@6.4.3 want: ^4.0.2
571 silly placeDep ROOT postcss@8.5.19 OK for: vite@6.4.3 want: ^8.5.3
572 silly placeDep ROOT rollup@4.62.2 OK for: vite@6.4.3 want: ^4.34.9
573 silly placeDep ROOT tinyglobby@0.2.17 OK for: vite@6.4.3 want: ^0.2.13
574 silly fetch manifest @esbuild/aix-ppc64@0.25.12
575 silly packumentCache full:https://registry.npmjs.org/@esbuild%2faix-ppc64 cache-miss
576 silly fetch manifest @esbuild/linux-arm@0.25.12
577 silly packumentCache full:https://registry.npmjs.org/@esbuild%2flinux-arm cache-miss
578 silly fetch manifest @esbuild/linux-x64@0.25.12
579 silly packumentCache full:https://registry.npmjs.org/@esbuild%2flinux-x64 cache-miss
580 silly fetch manifest @esbuild/sunos-x64@0.25.12
581 silly packumentCache full:https://registry.npmjs.org/@esbuild%2fsunos-x64 cache-miss
582 silly fetch manifest @esbuild/win32-x64@0.25.12
583 silly packumentCache full:https://registry.npmjs.org/@esbuild%2fwin32-x64 cache-miss
584 silly fetch manifest @esbuild/darwin-x64@0.25.12
585 silly packumentCache full:https://registry.npmjs.org/@esbuild%2fdarwin-x64 cache-miss
586 silly fetch manifest @esbuild/linux-ia32@0.25.12
587 silly packumentCache full:https://registry.npmjs.org/@esbuild%2flinux-ia32 cache-miss
588 http fetch GET 200 https://registry.npmjs.org/@esbuild%2fsunos-x64 93ms (cache miss)
589 silly packumentCache full:https://registry.npmjs.org/@esbuild%2fsunos-x64 set size:undefined disposed:false
590 silly fetch manifest @esbuild/netbsd-x64@0.25.12
591 silly packumentCache full:https://registry.npmjs.org/@esbuild%2fnetbsd-x64 cache-miss
592 http fetch GET 200 https://registry.npmjs.org/@esbuild%2flinux-ia32 106ms (cache miss)
593 silly packumentCache full:https://registry.npmjs.org/@esbuild%2flinux-ia32 set size:undefined disposed:false
594 silly fetch manifest @esbuild/win32-ia32@0.25.12
595 silly packumentCache full:https://registry.npmjs.org/@esbuild%2fwin32-ia32 cache-miss
596 http fetch GET 200 https://registry.npmjs.org/@esbuild%2fnetbsd-x64 92ms (cache miss)
597 silly packumentCache full:https://registry.npmjs.org/@esbuild%2fnetbsd-x64 set size:undefined disposed:false
598 silly fetch manifest @esbuild/android-arm@0.25.12
599 silly packumentCache full:https://registry.npmjs.org/@esbuild%2fandroid-arm cache-miss
600 http fetch GET 200 https://registry.npmjs.org/@esbuild%2fwin32-x64 227ms (cache miss)
601 silly packumentCache full:https://registry.npmjs.org/@esbuild%2fwin32-x64 set size:undefined disposed:false
602 silly fetch manifest @esbuild/android-x64@0.25.12
603 silly packumentCache full:https://registry.npmjs.org/@esbuild%2fandroid-x64 cache-miss
604 http fetch GET 200 https://registry.npmjs.org/@esbuild%2flinux-x64 276ms (cache miss)
605 silly packumentCache full:https://registry.npmjs.org/@esbuild%2flinux-x64 set size:undefined disposed:false
606 silly fetch manifest @esbuild/freebsd-x64@0.25.12
607 silly packumentCache full:https://registry.npmjs.org/@esbuild%2ffreebsd-x64 cache-miss
608 http fetch GET 200 https://registry.npmjs.org/@esbuild%2fwin32-ia32 311ms (cache miss)
609 silly packumentCache full:https://registry.npmjs.org/@esbuild%2fwin32-ia32 set size:undefined disposed:false
610 silly fetch manifest @esbuild/linux-arm64@0.25.12
611 silly packumentCache full:https://registry.npmjs.org/@esbuild%2flinux-arm64 cache-miss
612 http fetch GET 200 https://registry.npmjs.org/@esbuild%2flinux-arm 470ms (cache miss)
613 silly packumentCache full:https://registry.npmjs.org/@esbuild%2flinux-arm set size:undefined disposed:false
614 silly fetch manifest @esbuild/linux-ppc64@0.25.12
615 silly packumentCache full:https://registry.npmjs.org/@esbuild%2flinux-ppc64 cache-miss
616 http fetch GET 200 https://registry.npmjs.org/@esbuild%2fandroid-x64 250ms (cache miss)
617 silly packumentCache full:https://registry.npmjs.org/@esbuild%2fandroid-x64 set size:undefined disposed:false
618 silly fetch manifest @esbuild/linux-s390x@0.25.12
619 silly packumentCache full:https://registry.npmjs.org/@esbuild%2flinux-s390x cache-miss
620 http fetch GET 200 https://registry.npmjs.org/@esbuild%2faix-ppc64 490ms (cache miss)
621 silly packumentCache full:https://registry.npmjs.org/@esbuild%2faix-ppc64 set size:undefined disposed:false
622 silly fetch manifest @esbuild/openbsd-x64@0.25.12
623 silly packumentCache full:https://registry.npmjs.org/@esbuild%2fopenbsd-x64 cache-miss
624 http fetch GET 200 https://registry.npmjs.org/@esbuild%2fdarwin-x64 493ms (cache miss)
625 silly packumentCache full:https://registry.npmjs.org/@esbuild%2fdarwin-x64 set size:undefined disposed:false
626 silly fetch manifest @esbuild/win32-arm64@0.25.12
627 silly packumentCache full:https://registry.npmjs.org/@esbuild%2fwin32-arm64 cache-miss
628 http fetch GET 200 https://registry.npmjs.org/@esbuild%2fwin32-arm64 86ms (cache miss)
629 silly packumentCache full:https://registry.npmjs.org/@esbuild%2fwin32-arm64 set size:undefined disposed:false
630 silly fetch manifest @esbuild/darwin-arm64@0.25.12
631 silly packumentCache full:https://registry.npmjs.org/@esbuild%2fdarwin-arm64 cache-miss
632 http fetch GET 200 https://registry.npmjs.org/@esbuild%2flinux-ppc64 194ms (cache miss)
633 silly packumentCache full:https://registry.npmjs.org/@esbuild%2flinux-ppc64 set size:undefined disposed:false
634 silly fetch manifest @esbuild/netbsd-arm64@0.25.12
635 silly packumentCache full:https://registry.npmjs.org/@esbuild%2fnetbsd-arm64 cache-miss
636 http fetch GET 200 https://registry.npmjs.org/@esbuild%2fandroid-arm 481ms (cache miss)
637 silly packumentCache full:https://registry.npmjs.org/@esbuild%2fandroid-arm set size:undefined disposed:false
638 silly fetch manifest @esbuild/android-arm64@0.25.12
639 silly packumentCache full:https://registry.npmjs.org/@esbuild%2fandroid-arm64 cache-miss
640 http fetch GET 200 https://registry.npmjs.org/@esbuild%2fandroid-arm64 88ms (cache miss)
641 silly packumentCache full:https://registry.npmjs.org/@esbuild%2fandroid-arm64 set size:undefined disposed:false
642 silly fetch manifest @esbuild/freebsd-arm64@0.25.12
643 silly packumentCache full:https://registry.npmjs.org/@esbuild%2ffreebsd-arm64 cache-miss
644 http fetch GET 200 https://registry.npmjs.org/@esbuild%2ffreebsd-x64 557ms (cache miss)
645 silly packumentCache full:https://registry.npmjs.org/@esbuild%2ffreebsd-x64 set size:undefined disposed:false
646 silly fetch manifest @esbuild/linux-loong64@0.25.12
647 silly packumentCache full:https://registry.npmjs.org/@esbuild%2flinux-loong64 cache-miss
648 http fetch GET 200 https://registry.npmjs.org/@esbuild%2flinux-arm64 480ms (cache miss)
649 silly packumentCache full:https://registry.npmjs.org/@esbuild%2flinux-arm64 set size:undefined disposed:false
650 silly fetch manifest @esbuild/linux-riscv64@0.25.12
651 silly packumentCache full:https://registry.npmjs.org/@esbuild%2flinux-riscv64 cache-miss
652 http fetch GET 200 https://registry.npmjs.org/@esbuild%2flinux-s390x 497ms (cache miss)
653 silly packumentCache full:https://registry.npmjs.org/@esbuild%2flinux-s390x set size:undefined disposed:false
654 silly fetch manifest @esbuild/openbsd-arm64@0.25.12
655 silly packumentCache full:https://registry.npmjs.org/@esbuild%2fopenbsd-arm64 cache-miss
656 http fetch GET 200 https://registry.npmjs.org/@esbuild%2fopenbsd-x64 504ms (cache miss)
657 silly packumentCache full:https://registry.npmjs.org/@esbuild%2fopenbsd-x64 set size:undefined disposed:false
658 silly fetch manifest @esbuild/linux-mips64el@0.25.12
659 silly packumentCache full:https://registry.npmjs.org/@esbuild%2flinux-mips64el cache-miss
660 http fetch GET 200 https://registry.npmjs.org/@esbuild%2fopenbsd-arm64 87ms (cache miss)
661 silly packumentCache full:https://registry.npmjs.org/@esbuild%2fopenbsd-arm64 set size:undefined disposed:false
662 silly fetch manifest @esbuild/openharmony-arm64@0.25.12
663 silly packumentCache full:https://registry.npmjs.org/@esbuild%2fopenharmony-arm64 cache-miss
664 http fetch GET 200 https://registry.npmjs.org/@esbuild%2fdarwin-arm64 529ms (cache miss)
665 silly packumentCache full:https://registry.npmjs.org/@esbuild%2fdarwin-arm64 set size:undefined disposed:false
666 silly fetch manifest nanoid@^3.3.12
667 silly packumentCache full:https://registry.npmjs.org/nanoid cache-miss
668 http fetch GET 200 https://registry.npmjs.org/@esbuild%2fopenharmony-arm64 71ms (cache miss)
669 silly packumentCache full:https://registry.npmjs.org/@esbuild%2fopenharmony-arm64 set size:undefined disposed:false
670 silly fetch manifest source-map-js@^1.2.1
671 silly packumentCache full:https://registry.npmjs.org/source-map-js cache-miss
672 http fetch GET 200 https://registry.npmjs.org/@esbuild%2fnetbsd-arm64 482ms (cache miss)
673 silly packumentCache full:https://registry.npmjs.org/@esbuild%2fnetbsd-arm64 set size:undefined disposed:false
674 silly fetch manifest @types/estree@1.0.9
675 silly packumentCache full:https://registry.npmjs.org/@types%2festree cache-miss
676 http fetch GET 200 https://registry.npmjs.org/nanoid 75ms (cache miss)
677 silly packumentCache full:https://registry.npmjs.org/nanoid set size:undefined disposed:false
678 silly fetch manifest @rollup/rollup-darwin-arm64@4.62.2
679 silly packumentCache full:https://registry.npmjs.org/@rollup%2frollup-darwin-arm64 cache-miss
680 http fetch GET 200 https://registry.npmjs.org/source-map-js 65ms (cache miss)
681 silly packumentCache full:https://registry.npmjs.org/source-map-js set size:undefined disposed:false
682 silly fetch manifest @rollup/rollup-android-arm64@4.62.2
683 silly packumentCache full:https://registry.npmjs.org/@rollup%2frollup-android-arm64 cache-miss
684 http fetch GET 200 https://registry.npmjs.org/@esbuild%2ffreebsd-arm64 481ms (cache miss)
685 silly packumentCache full:https://registry.npmjs.org/@esbuild%2ffreebsd-arm64 set size:undefined disposed:false
686 silly fetch manifest @rollup/rollup-win32-arm64-msvc@4.62.2
687 silly packumentCache full:https://registry.npmjs.org/@rollup%2frollup-win32-arm64-msvc cache-miss
688 http fetch GET 200 https://registry.npmjs.org/@esbuild%2flinux-mips64el 261ms (cache miss)
689 silly packumentCache full:https://registry.npmjs.org/@esbuild%2flinux-mips64el set size:undefined disposed:false
690 silly fetch manifest @rollup/rollup-freebsd-arm64@4.62.2
691 silly packumentCache full:https://registry.npmjs.org/@rollup%2frollup-freebsd-arm64 cache-miss
692 http fetch GET 200 https://registry.npmjs.org/@types%2festree 124ms (cache miss)
693 silly packumentCache full:https://registry.npmjs.org/@types%2festree set size:undefined disposed:false
694 silly fetch manifest @rollup/rollup-linux-arm64-gnu@4.62.2
695 silly packumentCache full:https://registry.npmjs.org/@rollup%2frollup-linux-arm64-gnu cache-miss
696 http fetch GET 200 https://registry.npmjs.org/@rollup%2frollup-darwin-arm64 94ms (cache miss)
697 silly packumentCache full:https://registry.npmjs.org/@rollup%2frollup-darwin-arm64 set size:undefined disposed:false
698 silly fetch manifest @rollup/rollup-linux-arm64-musl@4.62.2
699 silly packumentCache full:https://registry.npmjs.org/@rollup%2frollup-linux-arm64-musl cache-miss
700 http fetch GET 200 https://registry.npmjs.org/@rollup%2frollup-android-arm64 94ms (cache miss)
701 silly packumentCache full:https://registry.npmjs.org/@rollup%2frollup-android-arm64 set size:undefined disposed:false
702 silly fetch manifest @rollup/rollup-android-arm-eabi@4.62.2
703 silly packumentCache full:https://registry.npmjs.org/@rollup%2frollup-android-arm-eabi cache-miss
704 http fetch GET 200 https://registry.npmjs.org/@esbuild%2flinux-loong64 510ms (cache miss)
705 silly packumentCache full:https://registry.npmjs.org/@esbuild%2flinux-loong64 set size:undefined disposed:false
706 silly fetch manifest @rollup/rollup-linux-arm-gnueabihf@4.62.2
707 silly packumentCache full:https://registry.npmjs.org/@rollup%2frollup-linux-arm-gnueabihf cache-miss
708 http fetch GET 200 https://registry.npmjs.org/@rollup%2frollup-freebsd-arm64 103ms (cache miss)
709 silly packumentCache full:https://registry.npmjs.org/@rollup%2frollup-freebsd-arm64 set size:undefined disposed:false
710 silly fetch manifest @rollup/rollup-linux-arm-musleabihf@4.62.2
711 silly packumentCache full:https://registry.npmjs.org/@rollup%2frollup-linux-arm-musleabihf cache-miss
712 http fetch GET 200 https://registry.npmjs.org/@rollup%2frollup-linux-arm64-musl 91ms (cache miss)
713 silly packumentCache full:https://registry.npmjs.org/@rollup%2frollup-linux-arm64-musl set size:undefined disposed:false
714 silly fetch manifest @rollup/rollup-win32-ia32-msvc@4.62.2
715 silly packumentCache full:https://registry.npmjs.org/@rollup%2frollup-win32-ia32-msvc cache-miss
716 http fetch GET 200 https://registry.npmjs.org/@rollup%2frollup-android-arm-eabi 99ms (cache miss)
717 silly packumentCache full:https://registry.npmjs.org/@rollup%2frollup-android-arm-eabi set size:undefined disposed:false
718 silly fetch manifest @rollup/rollup-linux-loong64-gnu@4.62.2
719 silly packumentCache full:https://registry.npmjs.org/@rollup%2frollup-linux-loong64-gnu cache-miss
720 http fetch GET 200 https://registry.npmjs.org/@esbuild%2flinux-riscv64 510ms (cache miss)
721 silly packumentCache full:https://registry.npmjs.org/@esbuild%2flinux-riscv64 set size:undefined disposed:false
722 silly fetch manifest @rollup/rollup-linux-loong64-musl@4.62.2
723 silly packumentCache full:https://registry.npmjs.org/@rollup%2frollup-linux-loong64-musl cache-miss
724 http fetch GET 200 https://registry.npmjs.org/@rollup%2frollup-linux-loong64-musl 76ms (cache miss)
725 silly packumentCache full:https://registry.npmjs.org/@rollup%2frollup-linux-loong64-musl set size:undefined disposed:false
726 silly fetch manifest @rollup/rollup-linux-riscv64-gnu@4.62.2
727 silly packumentCache full:https://registry.npmjs.org/@rollup%2frollup-linux-riscv64-gnu cache-miss
728 http fetch GET 200 https://registry.npmjs.org/@rollup%2frollup-win32-ia32-msvc 108ms (cache miss)
729 silly packumentCache full:https://registry.npmjs.org/@rollup%2frollup-win32-ia32-msvc set size:undefined disposed:false
730 silly fetch manifest @rollup/rollup-linux-riscv64-musl@4.62.2
731 silly packumentCache full:https://registry.npmjs.org/@rollup%2frollup-linux-riscv64-musl cache-miss
732 http fetch GET 200 https://registry.npmjs.org/@rollup%2frollup-linux-arm-musleabihf 137ms (cache miss)
733 silly packumentCache full:https://registry.npmjs.org/@rollup%2frollup-linux-arm-musleabihf set size:undefined disposed:false
734 silly fetch manifest @rollup/rollup-linux-ppc64-gnu@4.62.2
735 silly packumentCache full:https://registry.npmjs.org/@rollup%2frollup-linux-ppc64-gnu cache-miss
736 http fetch GET 200 https://registry.npmjs.org/@rollup%2frollup-linux-riscv64-musl 75ms (cache miss)
737 silly packumentCache full:https://registry.npmjs.org/@rollup%2frollup-linux-riscv64-musl set size:undefined disposed:false
738 silly fetch manifest @rollup/rollup-linux-ppc64-musl@4.62.2
739 silly packumentCache full:https://registry.npmjs.org/@rollup%2frollup-linux-ppc64-musl cache-miss
740 http fetch GET 200 https://registry.npmjs.org/@rollup%2frollup-linux-riscv64-gnu 102ms (cache miss)
741 silly packumentCache full:https://registry.npmjs.org/@rollup%2frollup-linux-riscv64-gnu set size:undefined disposed:false
742 silly fetch manifest @rollup/rollup-linux-s390x-gnu@4.62.2
743 silly packumentCache full:https://registry.npmjs.org/@rollup%2frollup-linux-s390x-gnu cache-miss
744 http fetch GET 200 https://registry.npmjs.org/@rollup%2frollup-linux-arm64-gnu 329ms (cache miss)
745 silly packumentCache full:https://registry.npmjs.org/@rollup%2frollup-linux-arm64-gnu set size:undefined disposed:false
746 silly fetch manifest @rollup/rollup-darwin-x64@4.62.2
747 silly packumentCache full:https://registry.npmjs.org/@rollup%2frollup-darwin-x64 cache-miss
748 http fetch GET 200 https://registry.npmjs.org/@rollup%2frollup-linux-ppc64-musl 75ms (cache miss)
749 silly packumentCache full:https://registry.npmjs.org/@rollup%2frollup-linux-ppc64-musl set size:undefined disposed:false
750 silly fetch manifest @rollup/rollup-win32-x64-gnu@4.62.2
751 silly packumentCache full:https://registry.npmjs.org/@rollup%2frollup-win32-x64-gnu cache-miss
752 http fetch GET 200 https://registry.npmjs.org/@rollup%2frollup-linux-s390x-gnu 102ms (cache miss)
753 silly packumentCache full:https://registry.npmjs.org/@rollup%2frollup-linux-s390x-gnu set size:undefined disposed:false
754 silly fetch manifest @rollup/rollup-win32-x64-msvc@4.62.2
755 silly packumentCache full:https://registry.npmjs.org/@rollup%2frollup-win32-x64-msvc cache-miss
756 http fetch GET 200 https://registry.npmjs.org/@rollup%2frollup-win32-arm64-msvc 492ms (cache miss)
757 silly packumentCache full:https://registry.npmjs.org/@rollup%2frollup-win32-arm64-msvc set size:undefined disposed:false
758 silly fetch manifest @rollup/rollup-freebsd-x64@4.62.2
759 silly packumentCache full:https://registry.npmjs.org/@rollup%2frollup-freebsd-x64 cache-miss
760 http fetch GET 200 https://registry.npmjs.org/@rollup%2frollup-linux-arm-gnueabihf 498ms (cache miss)
761 silly packumentCache full:https://registry.npmjs.org/@rollup%2frollup-linux-arm-gnueabihf set size:undefined disposed:false
762 silly fetch manifest @rollup/rollup-linux-x64-gnu@4.62.2
763 silly packumentCache full:https://registry.npmjs.org/@rollup%2frollup-linux-x64-gnu cache-miss
764 http fetch GET 200 https://registry.npmjs.org/@rollup%2frollup-darwin-x64 316ms (cache miss)
765 silly packumentCache full:https://registry.npmjs.org/@rollup%2frollup-darwin-x64 set size:undefined disposed:false
766 silly fetch manifest @rollup/rollup-linux-x64-musl@4.62.2
767 silly packumentCache full:https://registry.npmjs.org/@rollup%2frollup-linux-x64-musl cache-miss
768 http fetch GET 200 https://registry.npmjs.org/@rollup%2frollup-linux-x64-gnu 118ms (cache miss)
769 silly packumentCache full:https://registry.npmjs.org/@rollup%2frollup-linux-x64-gnu set size:undefined disposed:false
770 silly fetch manifest @rollup/rollup-openbsd-x64@4.62.2
771 silly packumentCache full:https://registry.npmjs.org/@rollup%2frollup-openbsd-x64 cache-miss
772 http fetch GET 200 https://registry.npmjs.org/@rollup%2frollup-win32-x64-gnu 332ms (cache miss)
773 silly packumentCache full:https://registry.npmjs.org/@rollup%2frollup-win32-x64-gnu set size:undefined disposed:false
774 silly fetch manifest @rollup/rollup-openharmony-arm64@4.62.2
775 silly packumentCache full:https://registry.npmjs.org/@rollup%2frollup-openharmony-arm64 cache-miss
776 http fetch GET 200 https://registry.npmjs.org/@rollup%2frollup-freebsd-x64 248ms (cache miss)
777 silly packumentCache full:https://registry.npmjs.org/@rollup%2frollup-freebsd-x64 set size:undefined disposed:false
778 http fetch GET 200 https://registry.npmjs.org/@rollup%2frollup-openharmony-arm64 78ms (cache miss)
779 silly packumentCache full:https://registry.npmjs.org/@rollup%2frollup-openharmony-arm64 set size:undefined disposed:false
780 http fetch GET 200 https://registry.npmjs.org/@rollup%2frollup-openbsd-x64 99ms (cache miss)
781 silly packumentCache full:https://registry.npmjs.org/@rollup%2frollup-openbsd-x64 set size:undefined disposed:false
782 http fetch GET 200 https://registry.npmjs.org/@rollup%2frollup-linux-x64-musl 171ms (cache miss)
783 silly packumentCache full:https://registry.npmjs.org/@rollup%2frollup-linux-x64-musl set size:undefined disposed:false
784 http fetch GET 200 https://registry.npmjs.org/@rollup%2frollup-linux-loong64-gnu 714ms (cache miss)
785 silly packumentCache full:https://registry.npmjs.org/@rollup%2frollup-linux-loong64-gnu set size:undefined disposed:false
786 http fetch GET 200 https://registry.npmjs.org/@rollup%2frollup-win32-x64-msvc 507ms (cache miss)
787 silly packumentCache full:https://registry.npmjs.org/@rollup%2frollup-win32-x64-msvc set size:undefined disposed:false
788 http fetch GET 200 https://registry.npmjs.org/@rollup%2frollup-linux-ppc64-gnu 1068ms (cache miss)
789 silly packumentCache full:https://registry.npmjs.org/@rollup%2frollup-linux-ppc64-gnu set size:undefined disposed:false
790 silly placeDep ROOT @esbuild/aix-ppc64@0.25.12 OK for: esbuild@0.25.12 want: 0.25.12
791 silly placeDep ROOT @esbuild/android-arm@0.25.12 OK for: esbuild@0.25.12 want: 0.25.12
792 silly placeDep ROOT @esbuild/android-arm64@0.25.12 OK for: esbuild@0.25.12 want: 0.25.12
793 silly placeDep ROOT @esbuild/android-x64@0.25.12 OK for: esbuild@0.25.12 want: 0.25.12
794 silly placeDep ROOT @esbuild/darwin-arm64@0.25.12 OK for: esbuild@0.25.12 want: 0.25.12
795 silly placeDep ROOT @esbuild/darwin-x64@0.25.12 OK for: esbuild@0.25.12 want: 0.25.12
796 silly placeDep ROOT @esbuild/freebsd-arm64@0.25.12 OK for: esbuild@0.25.12 want: 0.25.12
797 silly placeDep ROOT @esbuild/freebsd-x64@0.25.12 OK for: esbuild@0.25.12 want: 0.25.12
798 silly placeDep ROOT @esbuild/linux-arm@0.25.12 OK for: esbuild@0.25.12 want: 0.25.12
799 silly placeDep ROOT @esbuild/linux-arm64@0.25.12 OK for: esbuild@0.25.12 want: 0.25.12
800 silly placeDep ROOT @esbuild/linux-ia32@0.25.12 OK for: esbuild@0.25.12 want: 0.25.12
801 silly placeDep ROOT @esbuild/linux-loong64@0.25.12 OK for: esbuild@0.25.12 want: 0.25.12
802 silly placeDep ROOT @esbuild/linux-mips64el@0.25.12 OK for: esbuild@0.25.12 want: 0.25.12
803 silly placeDep ROOT @esbuild/linux-ppc64@0.25.12 OK for: esbuild@0.25.12 want: 0.25.12
804 silly placeDep ROOT @esbuild/linux-riscv64@0.25.12 OK for: esbuild@0.25.12 want: 0.25.12
805 silly placeDep ROOT @esbuild/linux-s390x@0.25.12 OK for: esbuild@0.25.12 want: 0.25.12
806 silly placeDep ROOT @esbuild/linux-x64@0.25.12 OK for: esbuild@0.25.12 want: 0.25.12
807 silly placeDep ROOT @esbuild/netbsd-arm64@0.25.12 OK for: esbuild@0.25.12 want: 0.25.12
808 silly placeDep ROOT @esbuild/netbsd-x64@0.25.12 OK for: esbuild@0.25.12 want: 0.25.12
809 silly placeDep ROOT @esbuild/openbsd-arm64@0.25.12 OK for: esbuild@0.25.12 want: 0.25.12
810 silly placeDep ROOT @esbuild/openbsd-x64@0.25.12 OK for: esbuild@0.25.12 want: 0.25.12
811 silly placeDep ROOT @esbuild/openharmony-arm64@0.25.12 OK for: esbuild@0.25.12 want: 0.25.12
812 silly placeDep ROOT @esbuild/sunos-x64@0.25.12 OK for: esbuild@0.25.12 want: 0.25.12
813 silly placeDep ROOT @esbuild/win32-arm64@0.25.12 OK for: esbuild@0.25.12 want: 0.25.12
814 silly placeDep ROOT @esbuild/win32-ia32@0.25.12 OK for: esbuild@0.25.12 want: 0.25.12
815 silly placeDep ROOT @esbuild/win32-x64@0.25.12 OK for: esbuild@0.25.12 want: 0.25.12
816 silly placeDep ROOT nanoid@3.3.16 OK for: postcss@8.5.19 want: ^3.3.12
817 silly placeDep ROOT source-map-js@1.2.1 OK for: postcss@8.5.19 want: ^1.2.1
818 silly placeDep ROOT @rollup/rollup-android-arm-eabi@4.62.2 OK for: rollup@4.62.2 want: 4.62.2
819 silly placeDep ROOT @rollup/rollup-android-arm64@4.62.2 OK for: rollup@4.62.2 want: 4.62.2
820 silly placeDep ROOT @rollup/rollup-darwin-arm64@4.62.2 OK for: rollup@4.62.2 want: 4.62.2
821 silly placeDep ROOT @rollup/rollup-darwin-x64@4.62.2 OK for: rollup@4.62.2 want: 4.62.2
822 silly placeDep ROOT @rollup/rollup-freebsd-arm64@4.62.2 OK for: rollup@4.62.2 want: 4.62.2
823 silly placeDep ROOT @rollup/rollup-freebsd-x64@4.62.2 OK for: rollup@4.62.2 want: 4.62.2
824 silly placeDep ROOT @rollup/rollup-linux-arm-gnueabihf@4.62.2 OK for: rollup@4.62.2 want: 4.62.2
825 silly placeDep ROOT @rollup/rollup-linux-arm-musleabihf@4.62.2 OK for: rollup@4.62.2 want: 4.62.2
826 silly placeDep ROOT @rollup/rollup-linux-arm64-gnu@4.62.2 OK for: rollup@4.62.2 want: 4.62.2
827 silly placeDep ROOT @rollup/rollup-linux-arm64-musl@4.62.2 OK for: rollup@4.62.2 want: 4.62.2
828 silly placeDep ROOT @rollup/rollup-linux-loong64-gnu@4.62.2 OK for: rollup@4.62.2 want: 4.62.2
829 silly placeDep ROOT @rollup/rollup-linux-loong64-musl@4.62.2 OK for: rollup@4.62.2 want: 4.62.2
830 silly placeDep ROOT @rollup/rollup-linux-ppc64-gnu@4.62.2 OK for: rollup@4.62.2 want: 4.62.2
831 silly placeDep ROOT @rollup/rollup-linux-ppc64-musl@4.62.2 OK for: rollup@4.62.2 want: 4.62.2
832 silly placeDep ROOT @rollup/rollup-linux-riscv64-gnu@4.62.2 OK for: rollup@4.62.2 want: 4.62.2
833 silly placeDep ROOT @rollup/rollup-linux-riscv64-musl@4.62.2 OK for: rollup@4.62.2 want: 4.62.2
834 silly placeDep ROOT @rollup/rollup-linux-s390x-gnu@4.62.2 OK for: rollup@4.62.2 want: 4.62.2
835 silly placeDep ROOT @rollup/rollup-linux-x64-gnu@4.62.2 OK for: rollup@4.62.2 want: 4.62.2
836 silly placeDep ROOT @rollup/rollup-linux-x64-musl@4.62.2 OK for: rollup@4.62.2 want: 4.62.2
837 silly placeDep ROOT @rollup/rollup-openbsd-x64@4.62.2 OK for: rollup@4.62.2 want: 4.62.2
838 silly placeDep ROOT @rollup/rollup-openharmony-arm64@4.62.2 OK for: rollup@4.62.2 want: 4.62.2
839 silly placeDep ROOT @rollup/rollup-win32-arm64-msvc@4.62.2 OK for: rollup@4.62.2 want: 4.62.2
840 silly placeDep ROOT @rollup/rollup-win32-ia32-msvc@4.62.2 OK for: rollup@4.62.2 want: 4.62.2
841 silly placeDep ROOT @rollup/rollup-win32-x64-gnu@4.62.2 OK for: rollup@4.62.2 want: 4.62.2
842 silly placeDep ROOT @rollup/rollup-win32-x64-msvc@4.62.2 OK for: rollup@4.62.2 want: 4.62.2
843 silly placeDep ROOT @types/estree@1.0.9 OK for: rollup@4.62.2 want: 1.0.9
844 silly reify moves {}
845 silly audit bulk request {
845 silly audit   '@vitejs/plugin-react': [ '4.7.0' ],
845 silly audit   vite: [ '6.4.3' ],
845 silly audit   axios: [ '1.18.1' ],
845 silly audit   'lucide-react': [ '0.468.0' ],
845 silly audit   react: [ '18.3.1' ],
845 silly audit   'react-dom': [ '18.3.1' ],
845 silly audit   'react-router-dom': [ '7.18.1' ],
845 silly audit   '@babel/core': [ '7.29.7' ],
845 silly audit   '@babel/plugin-transform-react-jsx-self': [ '7.29.7' ],
845 silly audit   '@babel/plugin-transform-react-jsx-source': [ '7.29.7' ],
845 silly audit   '@rolldown/pluginutils': [ '1.0.0-beta.27' ],
845 silly audit   '@types/babel__core': [ '7.20.5' ],
845 silly audit   'react-refresh': [ '0.17.0' ],
845 silly audit   '@babel/code-frame': [ '7.29.7' ],
845 silly audit   '@babel/generator': [ '7.29.7' ],
845 silly audit   '@babel/helper-compilation-targets': [ '7.29.7' ],
845 silly audit   '@babel/helper-module-transforms': [ '7.29.7' ],
845 silly audit   '@babel/helpers': [ '7.29.7' ],
845 silly audit   '@babel/parser': [ '7.29.7' ],
845 silly audit   '@babel/template': [ '7.29.7' ],
845 silly audit   '@babel/traverse': [ '7.29.7' ],
845 silly audit   '@babel/types': [ '7.29.7' ],
845 silly audit   '@jridgewell/remapping': [ '2.3.5' ],
845 silly audit   'convert-source-map': [ '2.0.0' ],
845 silly audit   debug: [ '4.4.3' ],
845 silly audit   gensync: [ '1.0.0-beta.2' ],
845 silly audit   json5: [ '2.2.3' ],
845 silly audit   semver: [ '6.3.1' ],
845 silly audit   '@babel/helper-validator-identifier': [ '7.29.7' ],
845 silly audit   'js-tokens': [ '4.0.0' ],
845 silly audit   picocolors: [ '1.1.1' ],
845 silly audit   '@jridgewell/gen-mapping': [ '0.3.13' ],
845 silly audit   '@jridgewell/trace-mapping': [ '0.3.31' ],
845 silly audit   jsesc: [ '3.1.0' ],
845 silly audit   '@babel/compat-data': [ '7.29.7' ],
845 silly audit   '@babel/helper-validator-option': [ '7.29.7' ],
845 silly audit   browserslist: [ '4.28.6' ],
845 silly audit   'lru-cache': [ '5.1.1' ],
845 silly audit   '@babel/helper-module-imports': [ '7.29.7' ],
845 silly audit   '@babel/helper-plugin-utils': [ '7.29.7' ],
845 silly audit   '@babel/helper-globals': [ '7.29.7' ],
845 silly audit   '@babel/helper-string-parser': [ '7.29.7' ],
845 silly audit   '@jridgewell/sourcemap-codec': [ '1.5.5' ],
845 silly audit   '@jridgewell/resolve-uri': [ '3.1.2' ],
845 silly audit   '@types/babel__generator': [ '7.27.0' ],
845 silly audit   '@types/babel__template': [ '7.4.4' ],
845 silly audit   '@types/babel__traverse': [ '7.28.0' ],
845 silly audit   'follow-redirects': [ '1.16.0' ],
845 silly audit   'form-data': [ '4.0.6' ],
845 silly audit   'https-proxy-agent': [ '5.0.1' ],
845 silly audit   'proxy-from-env': [ '2.1.0' ],
845 silly audit   'baseline-browser-mapping': [ '2.10.43' ],
845 silly audit   'caniuse-lite': [ '1.0.30001806' ],
845 silly audit   'electron-to-chromium': [ '1.5.392' ],
845 silly audit   'node-releases': [ '2.0.51' ],
845 silly audit   'update-browserslist-db': [ '1.2.3' ],
845 silly audit   ms: [ '2.1.3' ],
845 silly audit   asynckit: [ '0.4.0' ],
845 silly audit   'combined-stream': [ '1.0.8' ],
845 silly audit   'es-set-tostringtag': [ '2.1.0' ],
845 silly audit   hasown: [ '2.0.4' ],
845 silly audit   'mime-types': [ '2.1.35' ],
845 silly audit   'delayed-stream': [ '1.0.0' ],
845 silly audit   'es-errors': [ '1.3.0' ],
845 silly audit   'get-intrinsic': [ '1.3.0' ],
845 silly audit   'has-tostringtag': [ '1.0.2' ],
845 silly audit   'call-bind-apply-helpers': [ '1.0.2' ],
845 silly audit   'es-define-property': [ '1.0.1' ],
845 silly audit   'es-object-atoms': [ '1.1.2' ],
845 silly audit   'function-bind': [ '1.1.2' ],
845 silly audit   'get-proto': [ '1.0.1' ],
845 silly audit   gopd: [ '1.2.0' ],
845 silly audit   'has-symbols': [ '1.1.0' ],
845 silly audit   'math-intrinsics': [ '1.1.0' ],
845 silly audit   'dunder-proto': [ '1.0.1' ],
845 silly audit   'agent-base': [ '6.0.2' ],
845 silly audit   yallist: [ '3.1.1' ],
845 silly audit   'mime-db': [ '1.52.0' ],
845 silly audit   'loose-envify': [ '1.4.0' ],
845 silly audit   scheduler: [ '0.23.2' ],
845 silly audit   'react-router': [ '7.18.1' ],
845 silly audit   cookie: [ '1.1.1' ],
845 silly audit   'set-cookie-parser': [ '2.7.2' ],
845 silly audit   escalade: [ '3.2.0' ],
845 silly audit   esbuild: [ '0.25.12' ],
845 silly audit   fdir: [ '6.5.0' ],
845 silly audit   fsevents: [ '2.3.3' ],
845 silly audit   picomatch: [ '4.0.5' ],
845 silly audit   postcss: [ '8.5.19' ],
845 silly audit   rollup: [ '4.62.2' ],
845 silly audit   tinyglobby: [ '0.2.17' ],
845 silly audit   '@esbuild/aix-ppc64': [ '0.25.12' ],
845 silly audit   '@esbuild/android-arm': [ '0.25.12' ],
845 silly audit   '@esbuild/android-arm64': [ '0.25.12' ],
845 silly audit   '@esbuild/android-x64': [ '0.25.12' ],
845 silly audit   '@esbuild/darwin-arm64': [ '0.25.12' ],
845 silly audit   '@esbuild/darwin-x64': [ '0.25.12' ],
845 silly audit   '@esbuild/freebsd-arm64': [ '0.25.12' ],
845 silly audit   '@esbuild/freebsd-x64': [ '0.25.12' ],
845 silly audit   '@esbuild/linux-arm': [ '0.25.12' ],
845 silly audit   '@esbuild/linux-arm64': [ '0.25.12' ],
845 silly audit   '@esbuild/linux-ia32': [ '0.25.12' ],
845 silly audit   '@esbuild/linux-loong64': [ '0.25.12' ],
845 silly audit   '@esbuild/linux-mips64el': [ '0.25.12' ],
845 silly audit   '@esbuild/linux-ppc64': [ '0.25.12' ],
845 silly audit   '@esbuild/linux-riscv64': [ '0.25.12' ],
845 silly audit   '@esbuild/linux-s390x': [ '0.25.12' ],
845 silly audit   '@esbuild/linux-x64': [ '0.25.12' ],
845 silly audit   '@esbuild/netbsd-arm64': [ '0.25.12' ],
845 silly audit   '@esbuild/netbsd-x64': [ '0.25.12' ],
845 silly audit   '@esbuild/openbsd-arm64': [ '0.25.12' ],
845 silly audit   '@esbuild/openbsd-x64': [ '0.25.12' ],
845 silly audit   '@esbuild/openharmony-arm64': [ '0.25.12' ],
845 silly audit   '@esbuild/sunos-x64': [ '0.25.12' ],
845 silly audit   '@esbuild/win32-arm64': [ '0.25.12' ],
845 silly audit   '@esbuild/win32-ia32': [ '0.25.12' ],
845 silly audit   '@esbuild/win32-x64': [ '0.25.12' ],
845 silly audit   nanoid: [ '3.3.16' ],
845 silly audit   'source-map-js': [ '1.2.1' ],
845 silly audit   '@rollup/rollup-android-arm-eabi': [ '4.62.2' ],
845 silly audit   '@rollup/rollup-android-arm64': [ '4.62.2' ],
845 silly audit   '@rollup/rollup-darwin-arm64': [ '4.62.2' ],
845 silly audit   '@rollup/rollup-darwin-x64': [ '4.62.2' ],
845 silly audit   '@rollup/rollup-freebsd-arm64': [ '4.62.2' ],
845 silly audit   '@rollup/rollup-freebsd-x64': [ '4.62.2' ],
845 silly audit   '@rollup/rollup-linux-arm-gnueabihf': [ '4.62.2' ],
845 silly audit   '@rollup/rollup-linux-arm-musleabihf': [ '4.62.2' ],
845 silly audit   '@rollup/rollup-linux-arm64-gnu': [ '4.62.2' ],
845 silly audit   '@rollup/rollup-linux-arm64-musl': [ '4.62.2' ],
845 silly audit   '@rollup/rollup-linux-loong64-gnu': [ '4.62.2' ],
845 silly audit   '@rollup/rollup-linux-loong64-musl': [ '4.62.2' ],
845 silly audit   '@rollup/rollup-linux-ppc64-gnu': [ '4.62.2' ],
845 silly audit   '@rollup/rollup-linux-ppc64-musl': [ '4.62.2' ],
845 silly audit   '@rollup/rollup-linux-riscv64-gnu': [ '4.62.2' ],
845 silly audit   '@rollup/rollup-linux-riscv64-musl': [ '4.62.2' ],
845 silly audit   '@rollup/rollup-linux-s390x-gnu': [ '4.62.2' ],
845 silly audit   '@rollup/rollup-linux-x64-gnu': [ '4.62.2' ],
845 silly audit   '@rollup/rollup-linux-x64-musl': [ '4.62.2' ],
845 silly audit   '@rollup/rollup-openbsd-x64': [ '4.62.2' ],
845 silly audit   '@rollup/rollup-openharmony-arm64': [ '4.62.2' ],
845 silly audit   '@rollup/rollup-win32-arm64-msvc': [ '4.62.2' ],
845 silly audit   '@rollup/rollup-win32-ia32-msvc': [ '4.62.2' ],
845 silly audit   '@rollup/rollup-win32-x64-gnu': [ '4.62.2' ],
845 silly audit   '@rollup/rollup-win32-x64-msvc': [ '4.62.2' ],
845 silly audit   '@types/estree': [ '1.0.9' ]
845 silly audit }
846 http cache @types/estree@https://registry.npmjs.org/@types/estree/-/estree-1.0.9.tgz 0ms (cache hit)
847 http cache @rollup/rollup-win32-x64-msvc@https://registry.npmjs.org/@rollup/rollup-win32-x64-msvc/-/rollup-win32-x64-msvc-4.62.2.tgz 0ms (cache hit)
848 http cache @rollup/rollup-win32-x64-gnu@https://registry.npmjs.org/@rollup/rollup-win32-x64-gnu/-/rollup-win32-x64-gnu-4.62.2.tgz 0ms (cache hit)
849 http cache source-map-js@https://registry.npmjs.org/source-map-js/-/source-map-js-1.2.1.tgz 0ms (cache hit)
850 http cache nanoid@https://registry.npmjs.org/nanoid/-/nanoid-3.3.16.tgz 0ms (cache hit)
851 http cache rollup@https://registry.npmjs.org/rollup/-/rollup-4.62.2.tgz 0ms (cache hit)
852 http cache @esbuild/win32-x64@https://registry.npmjs.org/@esbuild/win32-x64/-/win32-x64-0.25.12.tgz 0ms (cache hit)
853 http cache tinyglobby@https://registry.npmjs.org/tinyglobby/-/tinyglobby-0.2.17.tgz 0ms (cache hit)
854 http cache postcss@https://registry.npmjs.org/postcss/-/postcss-8.5.19.tgz 0ms (cache hit)
855 http cache picomatch@https://registry.npmjs.org/picomatch/-/picomatch-4.0.5.tgz 0ms (cache hit)
856 http cache esbuild@https://registry.npmjs.org/esbuild/-/esbuild-0.25.12.tgz 0ms (cache hit)
857 http cache fdir@https://registry.npmjs.org/fdir/-/fdir-6.5.0.tgz 0ms (cache hit)
858 http cache escalade@https://registry.npmjs.org/escalade/-/escalade-3.2.0.tgz 0ms (cache hit)
859 http cache set-cookie-parser@https://registry.npmjs.org/set-cookie-parser/-/set-cookie-parser-2.7.2.tgz 0ms (cache hit)
860 http cache cookie@https://registry.npmjs.org/cookie/-/cookie-1.1.1.tgz 0ms (cache hit)
861 http cache scheduler@https://registry.npmjs.org/scheduler/-/scheduler-0.23.2.tgz 0ms (cache hit)
862 http cache react-router@https://registry.npmjs.org/react-router/-/react-router-7.18.1.tgz 0ms (cache hit)
863 http cache loose-envify@https://registry.npmjs.org/loose-envify/-/loose-envify-1.4.0.tgz 1ms (cache hit)
864 http cache mime-db@https://registry.npmjs.org/mime-db/-/mime-db-1.52.0.tgz 0ms (cache hit)
865 http cache yallist@https://registry.npmjs.org/yallist/-/yallist-3.1.1.tgz 0ms (cache hit)
866 http cache dunder-proto@https://registry.npmjs.org/dunder-proto/-/dunder-proto-1.0.1.tgz 0ms (cache hit)
867 http cache agent-base@https://registry.npmjs.org/agent-base/-/agent-base-6.0.2.tgz 1ms (cache hit)
868 http cache math-intrinsics@https://registry.npmjs.org/math-intrinsics/-/math-intrinsics-1.1.0.tgz 1ms (cache hit)
869 http cache gopd@https://registry.npmjs.org/gopd/-/gopd-1.2.0.tgz 0ms (cache hit)
870 http cache has-symbols@https://registry.npmjs.org/has-symbols/-/has-symbols-1.1.0.tgz 0ms (cache hit)
871 http cache get-proto@https://registry.npmjs.org/get-proto/-/get-proto-1.0.1.tgz 0ms (cache hit)
872 http cache function-bind@https://registry.npmjs.org/function-bind/-/function-bind-1.1.2.tgz 0ms (cache hit)
873 http cache es-object-atoms@https://registry.npmjs.org/es-object-atoms/-/es-object-atoms-1.1.2.tgz 0ms (cache hit)
874 http cache call-bind-apply-helpers@https://registry.npmjs.org/call-bind-apply-helpers/-/call-bind-apply-helpers-1.0.2.tgz 0ms (cache hit)
875 http cache es-define-property@https://registry.npmjs.org/es-define-property/-/es-define-property-1.0.1.tgz 0ms (cache hit)
876 http cache has-tostringtag@https://registry.npmjs.org/has-tostringtag/-/has-tostringtag-1.0.2.tgz 0ms (cache hit)
877 http cache get-intrinsic@https://registry.npmjs.org/get-intrinsic/-/get-intrinsic-1.3.0.tgz 0ms (cache hit)
878 http cache es-errors@https://registry.npmjs.org/es-errors/-/es-errors-1.3.0.tgz 0ms (cache hit)
879 http cache mime-types@https://registry.npmjs.org/mime-types/-/mime-types-2.1.35.tgz 0ms (cache hit)
880 http cache delayed-stream@https://registry.npmjs.org/delayed-stream/-/delayed-stream-1.0.0.tgz 0ms (cache hit)
881 http cache hasown@https://registry.npmjs.org/hasown/-/hasown-2.0.4.tgz 0ms (cache hit)
882 http cache es-set-tostringtag@https://registry.npmjs.org/es-set-tostringtag/-/es-set-tostringtag-2.1.0.tgz 0ms (cache hit)
883 http cache combined-stream@https://registry.npmjs.org/combined-stream/-/combined-stream-1.0.8.tgz 0ms (cache hit)
884 http cache asynckit@https://registry.npmjs.org/asynckit/-/asynckit-0.4.0.tgz 0ms (cache hit)
885 http cache ms@https://registry.npmjs.org/ms/-/ms-2.1.3.tgz 0ms (cache hit)
886 http cache update-browserslist-db@https://registry.npmjs.org/update-browserslist-db/-/update-browserslist-db-1.2.3.tgz 0ms (cache hit)
887 http cache node-releases@https://registry.npmjs.org/node-releases/-/node-releases-2.0.51.tgz 0ms (cache hit)
888 http cache electron-to-chromium@https://registry.npmjs.org/electron-to-chromium/-/electron-to-chromium-1.5.392.tgz 0ms (cache hit)
889 http cache caniuse-lite@https://registry.npmjs.org/caniuse-lite/-/caniuse-lite-1.0.30001806.tgz 0ms (cache hit)
890 http cache baseline-browser-mapping@https://registry.npmjs.org/baseline-browser-mapping/-/baseline-browser-mapping-2.10.43.tgz 0ms (cache hit)
891 http cache proxy-from-env@https://registry.npmjs.org/proxy-from-env/-/proxy-from-env-2.1.0.tgz 0ms (cache hit)
892 http cache https-proxy-agent@https://registry.npmjs.org/https-proxy-agent/-/https-proxy-agent-5.0.1.tgz 0ms (cache hit)
893 http cache form-data@https://registry.npmjs.org/form-data/-/form-data-4.0.6.tgz 0ms (cache hit)
894 http cache follow-redirects@https://registry.npmjs.org/follow-redirects/-/follow-redirects-1.16.0.tgz 0ms (cache hit)
895 http cache @types/babel__traverse@https://registry.npmjs.org/@types/babel__traverse/-/babel__traverse-7.28.0.tgz 0ms (cache hit)
896 http cache @jridgewell/resolve-uri@https://registry.npmjs.org/@jridgewell/resolve-uri/-/resolve-uri-3.1.2.tgz 0ms (cache hit)
897 http cache @types/babel__template@https://registry.npmjs.org/@types/babel__template/-/babel__template-7.4.4.tgz 0ms (cache hit)
898 http cache @types/babel__generator@https://registry.npmjs.org/@types/babel__generator/-/babel__generator-7.27.0.tgz 0ms (cache hit)
899 http cache @jridgewell/sourcemap-codec@https://registry.npmjs.org/@jridgewell/sourcemap-codec/-/sourcemap-codec-1.5.5.tgz 0ms (cache hit)
900 http cache @babel/helper-string-parser@https://registry.npmjs.org/@babel/helper-string-parser/-/helper-string-parser-7.29.7.tgz 0ms (cache hit)
901 http cache @babel/helper-globals@https://registry.npmjs.org/@babel/helper-globals/-/helper-globals-7.29.7.tgz 0ms (cache hit)
902 http cache @babel/helper-plugin-utils@https://registry.npmjs.org/@babel/helper-plugin-utils/-/helper-plugin-utils-7.29.7.tgz 0ms (cache hit)
903 http cache @babel/helper-module-imports@https://registry.npmjs.org/@babel/helper-module-imports/-/helper-module-imports-7.29.7.tgz 0ms (cache hit)
904 http cache lru-cache@https://registry.npmjs.org/lru-cache/-/lru-cache-5.1.1.tgz 0ms (cache hit)
905 http cache browserslist@https://registry.npmjs.org/browserslist/-/browserslist-4.28.6.tgz 0ms (cache hit)
906 http cache jsesc@https://registry.npmjs.org/jsesc/-/jsesc-3.1.0.tgz 0ms (cache hit)
907 http cache @babel/helper-validator-option@https://registry.npmjs.org/@babel/helper-validator-option/-/helper-validator-option-7.29.7.tgz 0ms (cache hit)
908 http cache @babel/compat-data@https://registry.npmjs.org/@babel/compat-data/-/compat-data-7.29.7.tgz 0ms (cache hit)
909 http cache @jridgewell/trace-mapping@https://registry.npmjs.org/@jridgewell/trace-mapping/-/trace-mapping-0.3.31.tgz 0ms (cache hit)
910 http cache @jridgewell/gen-mapping@https://registry.npmjs.org/@jridgewell/gen-mapping/-/gen-mapping-0.3.13.tgz 0ms (cache hit)
911 http cache picocolors@https://registry.npmjs.org/picocolors/-/picocolors-1.1.1.tgz 0ms (cache hit)
912 http cache js-tokens@https://registry.npmjs.org/js-tokens/-/js-tokens-4.0.0.tgz 0ms (cache hit)
913 http cache @babel/helper-validator-identifier@https://registry.npmjs.org/@babel/helper-validator-identifier/-/helper-validator-identifier-7.29.7.tgz 0ms (cache hit)
914 http cache semver@https://registry.npmjs.org/semver/-/semver-6.3.1.tgz 1ms (cache hit)
915 http cache json5@https://registry.npmjs.org/json5/-/json5-2.2.3.tgz 0ms (cache hit)
916 http cache gensync@https://registry.npmjs.org/gensync/-/gensync-1.0.0-beta.2.tgz 0ms (cache hit)
917 http cache debug@https://registry.npmjs.org/debug/-/debug-4.4.3.tgz 0ms (cache hit)
918 http cache @jridgewell/remapping@https://registry.npmjs.org/@jridgewell/remapping/-/remapping-2.3.5.tgz 0ms (cache hit)
919 http cache convert-source-map@https://registry.npmjs.org/convert-source-map/-/convert-source-map-2.0.0.tgz 0ms (cache hit)
920 http cache @babel/traverse@https://registry.npmjs.org/@babel/traverse/-/traverse-7.29.7.tgz 0ms (cache hit)
921 http cache @babel/types@https://registry.npmjs.org/@babel/types/-/types-7.29.7.tgz 0ms (cache hit)
922 http cache @babel/template@https://registry.npmjs.org/@babel/template/-/template-7.29.7.tgz 0ms (cache hit)
923 http cache @babel/parser@https://registry.npmjs.org/@babel/parser/-/parser-7.29.7.tgz 0ms (cache hit)
924 http cache @babel/helpers@https://registry.npmjs.org/@babel/helpers/-/helpers-7.29.7.tgz 0ms (cache hit)
925 http cache @babel/helper-module-transforms@https://registry.npmjs.org/@babel/helper-module-transforms/-/helper-module-transforms-7.29.7.tgz 0ms (cache hit)
926 http cache @babel/helper-compilation-targets@https://registry.npmjs.org/@babel/helper-compilation-targets/-/helper-compilation-targets-7.29.7.tgz 0ms (cache hit)
927 http cache react-refresh@https://registry.npmjs.org/react-refresh/-/react-refresh-0.17.0.tgz 0ms (cache hit)
928 http cache @babel/generator@https://registry.npmjs.org/@babel/generator/-/generator-7.29.7.tgz 0ms (cache hit)
929 http cache @babel/code-frame@https://registry.npmjs.org/@babel/code-frame/-/code-frame-7.29.7.tgz 0ms (cache hit)
930 http cache @types/babel__core@https://registry.npmjs.org/@types/babel__core/-/babel__core-7.20.5.tgz 0ms (cache hit)
931 http cache @rolldown/pluginutils@https://registry.npmjs.org/@rolldown/pluginutils/-/pluginutils-1.0.0-beta.27.tgz 0ms (cache hit)
932 http cache react-router-dom@https://registry.npmjs.org/react-router-dom/-/react-router-dom-7.18.1.tgz 0ms (cache hit)
933 http cache @babel/plugin-transform-react-jsx-source@https://registry.npmjs.org/@babel/plugin-transform-react-jsx-source/-/plugin-transform-react-jsx-source-7.29.7.tgz 0ms (cache hit)
934 http cache @babel/plugin-transform-react-jsx-self@https://registry.npmjs.org/@babel/plugin-transform-react-jsx-self/-/plugin-transform-react-jsx-self-7.29.7.tgz 0ms (cache hit)
935 http cache @babel/core@https://registry.npmjs.org/@babel/core/-/core-7.29.7.tgz 0ms (cache hit)
936 http cache react-dom@https://registry.npmjs.org/react-dom/-/react-dom-18.3.1.tgz 0ms (cache hit)
937 http cache react@https://registry.npmjs.org/react/-/react-18.3.1.tgz 0ms (cache hit)
938 http cache lucide-react@https://registry.npmjs.org/lucide-react/-/lucide-react-0.468.0.tgz 0ms (cache hit)
939 http cache @vitejs/plugin-react@https://registry.npmjs.org/@vitejs/plugin-react/-/plugin-react-4.7.0.tgz 0ms (cache hit)
940 http cache axios@https://registry.npmjs.org/axios/-/axios-1.18.1.tgz 0ms (cache hit)
941 silly tarball no local data for @types/estree@https://registry.npmjs.org/@types/estree/-/estree-1.0.9.tgz. Extracting by manifest.
942 silly tarball no local data for @rollup/rollup-win32-x64-msvc@https://registry.npmjs.org/@rollup/rollup-win32-x64-msvc/-/rollup-win32-x64-msvc-4.62.2.tgz. Extracting by manifest.
943 silly tarball no local data for @rollup/rollup-win32-x64-gnu@https://registry.npmjs.org/@rollup/rollup-win32-x64-gnu/-/rollup-win32-x64-gnu-4.62.2.tgz. Extracting by manifest.
944 silly tarball no local data for source-map-js@https://registry.npmjs.org/source-map-js/-/source-map-js-1.2.1.tgz. Extracting by manifest.
945 silly tarball no local data for nanoid@https://registry.npmjs.org/nanoid/-/nanoid-3.3.16.tgz. Extracting by manifest.
946 silly tarball no local data for rollup@https://registry.npmjs.org/rollup/-/rollup-4.62.2.tgz. Extracting by manifest.
947 http cache vite@https://registry.npmjs.org/vite/-/vite-6.4.3.tgz 0ms (cache hit)
948 silly tarball no local data for @esbuild/win32-x64@https://registry.npmjs.org/@esbuild/win32-x64/-/win32-x64-0.25.12.tgz. Extracting by manifest.
949 silly tarball no local data for tinyglobby@https://registry.npmjs.org/tinyglobby/-/tinyglobby-0.2.17.tgz. Extracting by manifest.
950 silly tarball no local data for postcss@https://registry.npmjs.org/postcss/-/postcss-8.5.19.tgz. Extracting by manifest.
951 silly tarball no local data for picomatch@https://registry.npmjs.org/picomatch/-/picomatch-4.0.5.tgz. Extracting by manifest.
952 silly tarball no local data for esbuild@https://registry.npmjs.org/esbuild/-/esbuild-0.25.12.tgz. Extracting by manifest.
953 silly tarball no local data for fdir@https://registry.npmjs.org/fdir/-/fdir-6.5.0.tgz. Extracting by manifest.
954 silly tarball no local data for escalade@https://registry.npmjs.org/escalade/-/escalade-3.2.0.tgz. Extracting by manifest.
955 silly tarball no local data for set-cookie-parser@https://registry.npmjs.org/set-cookie-parser/-/set-cookie-parser-2.7.2.tgz. Extracting by manifest.
956 silly tarball no local data for cookie@https://registry.npmjs.org/cookie/-/cookie-1.1.1.tgz. Extracting by manifest.
957 silly tarball no local data for scheduler@https://registry.npmjs.org/scheduler/-/scheduler-0.23.2.tgz. Extracting by manifest.
958 silly tarball no local data for react-router@https://registry.npmjs.org/react-router/-/react-router-7.18.1.tgz. Extracting by manifest.
959 silly tarball no local data for loose-envify@https://registry.npmjs.org/loose-envify/-/loose-envify-1.4.0.tgz. Extracting by manifest.
960 silly tarball no local data for mime-db@https://registry.npmjs.org/mime-db/-/mime-db-1.52.0.tgz. Extracting by manifest.
961 silly tarball no local data for yallist@https://registry.npmjs.org/yallist/-/yallist-3.1.1.tgz. Extracting by manifest.
962 silly tarball no local data for dunder-proto@https://registry.npmjs.org/dunder-proto/-/dunder-proto-1.0.1.tgz. Extracting by manifest.
963 silly tarball no local data for agent-base@https://registry.npmjs.org/agent-base/-/agent-base-6.0.2.tgz. Extracting by manifest.
964 silly tarball no local data for math-intrinsics@https://registry.npmjs.org/math-intrinsics/-/math-intrinsics-1.1.0.tgz. Extracting by manifest.
965 silly tarball no local data for gopd@https://registry.npmjs.org/gopd/-/gopd-1.2.0.tgz. Extracting by manifest.
966 silly tarball no local data for has-symbols@https://registry.npmjs.org/has-symbols/-/has-symbols-1.1.0.tgz. Extracting by manifest.
967 silly tarball no local data for get-proto@https://registry.npmjs.org/get-proto/-/get-proto-1.0.1.tgz. Extracting by manifest.
968 silly tarball no local data for function-bind@https://registry.npmjs.org/function-bind/-/function-bind-1.1.2.tgz. Extracting by manifest.
969 silly tarball no local data for es-object-atoms@https://registry.npmjs.org/es-object-atoms/-/es-object-atoms-1.1.2.tgz. Extracting by manifest.
970 silly tarball no local data for call-bind-apply-helpers@https://registry.npmjs.org/call-bind-apply-helpers/-/call-bind-apply-helpers-1.0.2.tgz. Extracting by manifest.
971 silly tarball no local data for es-define-property@https://registry.npmjs.org/es-define-property/-/es-define-property-1.0.1.tgz. Extracting by manifest.
972 silly tarball no local data for has-tostringtag@https://registry.npmjs.org/has-tostringtag/-/has-tostringtag-1.0.2.tgz. Extracting by manifest.
973 silly tarball no local data for get-intrinsic@https://registry.npmjs.org/get-intrinsic/-/get-intrinsic-1.3.0.tgz. Extracting by manifest.
974 silly tarball no local data for es-errors@https://registry.npmjs.org/es-errors/-/es-errors-1.3.0.tgz. Extracting by manifest.
975 silly tarball no local data for mime-types@https://registry.npmjs.org/mime-types/-/mime-types-2.1.35.tgz. Extracting by manifest.
976 silly tarball no local data for delayed-stream@https://registry.npmjs.org/delayed-stream/-/delayed-stream-1.0.0.tgz. Extracting by manifest.
977 silly tarball no local data for hasown@https://registry.npmjs.org/hasown/-/hasown-2.0.4.tgz. Extracting by manifest.
978 silly tarball no local data for es-set-tostringtag@https://registry.npmjs.org/es-set-tostringtag/-/es-set-tostringtag-2.1.0.tgz. Extracting by manifest.
979 silly tarball no local data for combined-stream@https://registry.npmjs.org/combined-stream/-/combined-stream-1.0.8.tgz. Extracting by manifest.
980 silly tarball no local data for asynckit@https://registry.npmjs.org/asynckit/-/asynckit-0.4.0.tgz. Extracting by manifest.
981 silly tarball no local data for ms@https://registry.npmjs.org/ms/-/ms-2.1.3.tgz. Extracting by manifest.
982 silly tarball no local data for update-browserslist-db@https://registry.npmjs.org/update-browserslist-db/-/update-browserslist-db-1.2.3.tgz. Extracting by manifest.
983 silly tarball no local data for node-releases@https://registry.npmjs.org/node-releases/-/node-releases-2.0.51.tgz. Extracting by manifest.
984 silly tarball no local data for electron-to-chromium@https://registry.npmjs.org/electron-to-chromium/-/electron-to-chromium-1.5.392.tgz. Extracting by manifest.
985 silly tarball no local data for caniuse-lite@https://registry.npmjs.org/caniuse-lite/-/caniuse-lite-1.0.30001806.tgz. Extracting by manifest.
986 silly tarball no local data for baseline-browser-mapping@https://registry.npmjs.org/baseline-browser-mapping/-/baseline-browser-mapping-2.10.43.tgz. Extracting by manifest.
987 silly tarball no local data for proxy-from-env@https://registry.npmjs.org/proxy-from-env/-/proxy-from-env-2.1.0.tgz. Extracting by manifest.
988 silly tarball no local data for https-proxy-agent@https://registry.npmjs.org/https-proxy-agent/-/https-proxy-agent-5.0.1.tgz. Extracting by manifest.
989 silly tarball no local data for form-data@https://registry.npmjs.org/form-data/-/form-data-4.0.6.tgz. Extracting by manifest.
990 silly tarball no local data for follow-redirects@https://registry.npmjs.org/follow-redirects/-/follow-redirects-1.16.0.tgz. Extracting by manifest.
991 silly tarball no local data for @types/babel__traverse@https://registry.npmjs.org/@types/babel__traverse/-/babel__traverse-7.28.0.tgz. Extracting by manifest.
992 silly tarball no local data for @jridgewell/resolve-uri@https://registry.npmjs.org/@jridgewell/resolve-uri/-/resolve-uri-3.1.2.tgz. Extracting by manifest.
993 silly tarball no local data for @types/babel__template@https://registry.npmjs.org/@types/babel__template/-/babel__template-7.4.4.tgz. Extracting by manifest.
994 silly tarball no local data for @types/babel__generator@https://registry.npmjs.org/@types/babel__generator/-/babel__generator-7.27.0.tgz. Extracting by manifest.
995 silly tarball no local data for @jridgewell/sourcemap-codec@https://registry.npmjs.org/@jridgewell/sourcemap-codec/-/sourcemap-codec-1.5.5.tgz. Extracting by manifest.
996 silly tarball no local data for @babel/helper-string-parser@https://registry.npmjs.org/@babel/helper-string-parser/-/helper-string-parser-7.29.7.tgz. Extracting by manifest.
997 silly tarball no local data for @babel/helper-globals@https://registry.npmjs.org/@babel/helper-globals/-/helper-globals-7.29.7.tgz. Extracting by manifest.
998 silly tarball no local data for @babel/helper-plugin-utils@https://registry.npmjs.org/@babel/helper-plugin-utils/-/helper-plugin-utils-7.29.7.tgz. Extracting by manifest.
999 silly tarball no local data for @babel/helper-module-imports@https://registry.npmjs.org/@babel/helper-module-imports/-/helper-module-imports-7.29.7.tgz. Extracting by manifest.
1000 silly tarball no local data for lru-cache@https://registry.npmjs.org/lru-cache/-/lru-cache-5.1.1.tgz. Extracting by manifest.
1001 silly tarball no local data for browserslist@https://registry.npmjs.org/browserslist/-/browserslist-4.28.6.tgz. Extracting by manifest.
1002 silly tarball no local data for jsesc@https://registry.npmjs.org/jsesc/-/jsesc-3.1.0.tgz. Extracting by manifest.
1003 silly tarball no local data for @babel/helper-validator-option@https://registry.npmjs.org/@babel/helper-validator-option/-/helper-validator-option-7.29.7.tgz. Extracting by manifest.
1004 silly tarball no local data for @babel/compat-data@https://registry.npmjs.org/@babel/compat-data/-/compat-data-7.29.7.tgz. Extracting by manifest.
1005 silly tarball no local data for @jridgewell/trace-mapping@https://registry.npmjs.org/@jridgewell/trace-mapping/-/trace-mapping-0.3.31.tgz. Extracting by manifest.
1006 silly tarball no local data for @jridgewell/gen-mapping@https://registry.npmjs.org/@jridgewell/gen-mapping/-/gen-mapping-0.3.13.tgz. Extracting by manifest.
1007 silly tarball no local data for picocolors@https://registry.npmjs.org/picocolors/-/picocolors-1.1.1.tgz. Extracting by manifest.
1008 silly tarball no local data for js-tokens@https://registry.npmjs.org/js-tokens/-/js-tokens-4.0.0.tgz. Extracting by manifest.
1009 silly tarball no local data for @babel/helper-validator-identifier@https://registry.npmjs.org/@babel/helper-validator-identifier/-/helper-validator-identifier-7.29.7.tgz. Extracting by manifest.
1010 silly tarball no local data for semver@https://registry.npmjs.org/semver/-/semver-6.3.1.tgz. Extracting by manifest.
1011 silly tarball no local data for json5@https://registry.npmjs.org/json5/-/json5-2.2.3.tgz. Extracting by manifest.
1012 silly tarball no local data for gensync@https://registry.npmjs.org/gensync/-/gensync-1.0.0-beta.2.tgz. Extracting by manifest.
1013 silly tarball no local data for debug@https://registry.npmjs.org/debug/-/debug-4.4.3.tgz. Extracting by manifest.
1014 silly tarball no local data for @jridgewell/remapping@https://registry.npmjs.org/@jridgewell/remapping/-/remapping-2.3.5.tgz. Extracting by manifest.
1015 silly tarball no local data for convert-source-map@https://registry.npmjs.org/convert-source-map/-/convert-source-map-2.0.0.tgz. Extracting by manifest.
1016 silly tarball no local data for @babel/traverse@https://registry.npmjs.org/@babel/traverse/-/traverse-7.29.7.tgz. Extracting by manifest.
1017 silly tarball no local data for @babel/types@https://registry.npmjs.org/@babel/types/-/types-7.29.7.tgz. Extracting by manifest.
1018 silly tarball no local data for @babel/template@https://registry.npmjs.org/@babel/template/-/template-7.29.7.tgz. Extracting by manifest.
1019 silly tarball no local data for @babel/parser@https://registry.npmjs.org/@babel/parser/-/parser-7.29.7.tgz. Extracting by manifest.
1020 silly tarball no local data for @babel/helpers@https://registry.npmjs.org/@babel/helpers/-/helpers-7.29.7.tgz. Extracting by manifest.
1021 silly tarball no local data for @babel/helper-module-transforms@https://registry.npmjs.org/@babel/helper-module-transforms/-/helper-module-transforms-7.29.7.tgz. Extracting by manifest.
1022 silly tarball no local data for @babel/helper-compilation-targets@https://registry.npmjs.org/@babel/helper-compilation-targets/-/helper-compilation-targets-7.29.7.tgz. Extracting by manifest.
1023 silly tarball no local data for react-refresh@https://registry.npmjs.org/react-refresh/-/react-refresh-0.17.0.tgz. Extracting by manifest.
1024 silly tarball no local data for @babel/generator@https://registry.npmjs.org/@babel/generator/-/generator-7.29.7.tgz. Extracting by manifest.
1025 silly tarball no local data for @babel/code-frame@https://registry.npmjs.org/@babel/code-frame/-/code-frame-7.29.7.tgz. Extracting by manifest.
1026 silly tarball no local data for @types/babel__core@https://registry.npmjs.org/@types/babel__core/-/babel__core-7.20.5.tgz. Extracting by manifest.
1027 silly tarball no local data for @rolldown/pluginutils@https://registry.npmjs.org/@rolldown/pluginutils/-/pluginutils-1.0.0-beta.27.tgz. Extracting by manifest.
1028 silly tarball no local data for react-router-dom@https://registry.npmjs.org/react-router-dom/-/react-router-dom-7.18.1.tgz. Extracting by manifest.
1029 silly tarball no local data for @babel/plugin-transform-react-jsx-source@https://registry.npmjs.org/@babel/plugin-transform-react-jsx-source/-/plugin-transform-react-jsx-source-7.29.7.tgz. Extracting by manifest.
1030 silly tarball no local data for @babel/plugin-transform-react-jsx-self@https://registry.npmjs.org/@babel/plugin-transform-react-jsx-self/-/plugin-transform-react-jsx-self-7.29.7.tgz. Extracting by manifest.
1031 silly tarball no local data for @babel/core@https://registry.npmjs.org/@babel/core/-/core-7.29.7.tgz. Extracting by manifest.
1032 silly tarball no local data for react-dom@https://registry.npmjs.org/react-dom/-/react-dom-18.3.1.tgz. Extracting by manifest.
1033 silly tarball no local data for react@https://registry.npmjs.org/react/-/react-18.3.1.tgz. Extracting by manifest.
1034 silly tarball no local data for lucide-react@https://registry.npmjs.org/lucide-react/-/lucide-react-0.468.0.tgz. Extracting by manifest.
1035 silly tarball no local data for @vitejs/plugin-react@https://registry.npmjs.org/@vitejs/plugin-react/-/plugin-react-4.7.0.tgz. Extracting by manifest.
1036 silly tarball no local data for axios@https://registry.npmjs.org/axios/-/axios-1.18.1.tgz. Extracting by manifest.
1037 silly tarball no local data for vite@https://registry.npmjs.org/vite/-/vite-6.4.3.tgz. Extracting by manifest.
1038 http fetch GET 200 https://registry.npmjs.org/@types/estree/-/estree-1.0.9.tgz 262ms (cache miss)
1039 http fetch GET 200 https://registry.npmjs.org/nanoid/-/nanoid-3.3.16.tgz 256ms (cache miss)
1040 http fetch GET 200 https://registry.npmjs.org/cookie/-/cookie-1.1.1.tgz 298ms (cache miss)
1041 http fetch GET 200 https://registry.npmjs.org/loose-envify/-/loose-envify-1.4.0.tgz 329ms (cache miss)
1042 http fetch GET 200 https://registry.npmjs.org/source-map-js/-/source-map-js-1.2.1.tgz 392ms (cache miss)
1043 http fetch GET 200 https://registry.npmjs.org/scheduler/-/scheduler-0.23.2.tgz 383ms (cache miss)
1044 http fetch GET 200 https://registry.npmjs.org/yallist/-/yallist-3.1.1.tgz 460ms (cache miss)
1045 http fetch POST 200 https://registry.npmjs.org/-/npm/v1/security/advisories/bulk 705ms
1046 silly audit report {}
1047 http fetch GET 200 https://registry.npmjs.org/escalade/-/escalade-3.2.0.tgz 602ms (cache miss)
1048 http fetch GET 200 https://registry.npmjs.org/@rollup/rollup-win32-x64-msvc/-/rollup-win32-x64-msvc-4.62.2.tgz 619ms (cache miss)
1049 http fetch GET 200 https://registry.npmjs.org/gopd/-/gopd-1.2.0.tgz 647ms (cache miss)
1050 http fetch GET 200 https://registry.npmjs.org/agent-base/-/agent-base-6.0.2.tgz 652ms (cache miss)
1051 http fetch GET 200 https://registry.npmjs.org/get-proto/-/get-proto-1.0.1.tgz 715ms (cache miss)
1052 http fetch GET 200 https://registry.npmjs.org/picomatch/-/picomatch-4.0.5.tgz 746ms (cache miss)
1053 http fetch GET 200 https://registry.npmjs.org/dunder-proto/-/dunder-proto-1.0.1.tgz 778ms (cache miss)
1054 http fetch GET 200 https://registry.npmjs.org/has-symbols/-/has-symbols-1.1.0.tgz 781ms (cache miss)
1055 http fetch GET 200 https://registry.npmjs.org/es-object-atoms/-/es-object-atoms-1.1.2.tgz 839ms (cache miss)
1056 http fetch GET 200 https://registry.npmjs.org/mime-db/-/mime-db-1.52.0.tgz 881ms (cache miss)
1057 http fetch GET 200 https://registry.npmjs.org/fdir/-/fdir-6.5.0.tgz 901ms (cache miss)
1058 http fetch GET 200 https://registry.npmjs.org/hasown/-/hasown-2.0.4.tgz 952ms (cache miss)
1059 http fetch GET 200 https://registry.npmjs.org/es-errors/-/es-errors-1.3.0.tgz 959ms (cache miss)
1060 http fetch GET 200 https://registry.npmjs.org/function-bind/-/function-bind-1.1.2.tgz 972ms (cache miss)
1061 http fetch GET 200 https://registry.npmjs.org/math-intrinsics/-/math-intrinsics-1.1.0.tgz 989ms (cache miss)
1062 http fetch GET 200 https://registry.npmjs.org/ms/-/ms-2.1.3.tgz 984ms (cache miss)
1063 http fetch GET 200 https://registry.npmjs.org/delayed-stream/-/delayed-stream-1.0.0.tgz 1000ms (cache miss)
1064 http fetch GET 200 https://registry.npmjs.org/combined-stream/-/combined-stream-1.0.8.tgz 1004ms (cache miss)
1065 http fetch GET 200 https://registry.npmjs.org/has-tostringtag/-/has-tostringtag-1.0.2.tgz 1019ms (cache miss)
1066 http fetch GET 200 https://registry.npmjs.org/set-cookie-parser/-/set-cookie-parser-2.7.2.tgz 1041ms (cache miss)
1067 http fetch GET 200 https://registry.npmjs.org/tinyglobby/-/tinyglobby-0.2.17.tgz 1072ms (cache miss)
1068 http fetch GET 200 https://registry.npmjs.org/mime-types/-/mime-types-2.1.35.tgz 1047ms (cache miss)
1069 http fetch GET 200 https://registry.npmjs.org/node-releases/-/node-releases-2.0.51.tgz 1059ms (cache miss)
1070 http fetch GET 200 https://registry.npmjs.org/es-define-property/-/es-define-property-1.0.1.tgz 1079ms (cache miss)
1071 http fetch GET 200 https://registry.npmjs.org/update-browserslist-db/-/update-browserslist-db-1.2.3.tgz 1070ms (cache miss)
1072 http fetch GET 200 https://registry.npmjs.org/@types/babel__template/-/babel__template-7.4.4.tgz 1071ms (cache miss)
1073 http fetch GET 200 https://registry.npmjs.org/follow-redirects/-/follow-redirects-1.16.0.tgz 1078ms (cache miss)
1074 http fetch GET 200 https://registry.npmjs.org/get-intrinsic/-/get-intrinsic-1.3.0.tgz 1105ms (cache miss)
1075 http fetch GET 200 https://registry.npmjs.org/esbuild/-/esbuild-0.25.12.tgz 1137ms (cache miss)
1076 http fetch GET 200 https://registry.npmjs.org/proxy-from-env/-/proxy-from-env-2.1.0.tgz 1106ms (cache miss)
1077 http fetch GET 200 https://registry.npmjs.org/es-set-tostringtag/-/es-set-tostringtag-2.1.0.tgz 1116ms (cache miss)
1078 http fetch GET 200 https://registry.npmjs.org/@babel/helper-string-parser/-/helper-string-parser-7.29.7.tgz 1118ms (cache miss)
1079 http fetch GET 200 https://registry.npmjs.org/rollup/-/rollup-4.62.2.tgz 1169ms (cache miss)
1080 http fetch GET 200 https://registry.npmjs.org/@babel/helper-plugin-utils/-/helper-plugin-utils-7.29.7.tgz 1160ms (cache miss)
1081 http fetch GET 200 https://registry.npmjs.org/call-bind-apply-helpers/-/call-bind-apply-helpers-1.0.2.tgz 1184ms (cache miss)
1082 http fetch GET 200 https://registry.npmjs.org/baseline-browser-mapping/-/baseline-browser-mapping-2.10.43.tgz 1210ms (cache miss)
1083 http fetch GET 200 https://registry.npmjs.org/electron-to-chromium/-/electron-to-chromium-1.5.392.tgz 1217ms (cache miss)
1084 http fetch GET 200 https://registry.npmjs.org/@types/babel__traverse/-/babel__traverse-7.28.0.tgz 1233ms (cache miss)
1085 http fetch GET 200 https://registry.npmjs.org/jsesc/-/jsesc-3.1.0.tgz 1229ms (cache miss)
1086 http fetch GET 200 https://registry.npmjs.org/asynckit/-/asynckit-0.4.0.tgz 1263ms (cache miss)
1087 http fetch GET 200 https://registry.npmjs.org/@babel/helper-module-imports/-/helper-module-imports-7.29.7.tgz 1262ms (cache miss)
1088 http fetch GET 200 https://registry.npmjs.org/postcss/-/postcss-8.5.19.tgz 1407ms (cache miss)
1089 http fetch GET 200 https://registry.npmjs.org/@types/babel__generator/-/babel__generator-7.27.0.tgz 1416ms (cache miss)
1090 http fetch GET 200 https://registry.npmjs.org/form-data/-/form-data-4.0.6.tgz 1433ms (cache miss)
1091 http fetch GET 200 https://registry.npmjs.org/@babel/helper-globals/-/helper-globals-7.29.7.tgz 1440ms (cache miss)
1092 http fetch GET 200 https://registry.npmjs.org/@rollup/rollup-win32-x64-gnu/-/rollup-win32-x64-gnu-4.62.2.tgz 1498ms (cache miss)
1093 http fetch GET 200 https://registry.npmjs.org/https-proxy-agent/-/https-proxy-agent-5.0.1.tgz 1463ms (cache miss)
1094 http fetch GET 200 https://registry.npmjs.org/@babel/compat-data/-/compat-data-7.29.7.tgz 1469ms (cache miss)
1095 http fetch GET 200 https://registry.npmjs.org/@jridgewell/sourcemap-codec/-/sourcemap-codec-1.5.5.tgz 1517ms (cache miss)
1096 http fetch GET 200 https://registry.npmjs.org/semver/-/semver-6.3.1.tgz 1568ms (cache miss)
1097 http fetch GET 200 https://registry.npmjs.org/gensync/-/gensync-1.0.0-beta.2.tgz 1595ms (cache miss)
1098 http fetch GET 200 https://registry.npmjs.org/convert-source-map/-/convert-source-map-2.0.0.tgz 1628ms (cache miss)
1099 http fetch GET 200 https://registry.npmjs.org/@jridgewell/trace-mapping/-/trace-mapping-0.3.31.tgz 1640ms (cache miss)
1100 http fetch GET 200 https://registry.npmjs.org/json5/-/json5-2.2.3.tgz 1648ms (cache miss)
1101 http fetch GET 200 https://registry.npmjs.org/@babel/helper-validator-identifier/-/helper-validator-identifier-7.29.7.tgz 1686ms (cache miss)
1102 http fetch GET 200 https://registry.npmjs.org/@jridgewell/gen-mapping/-/gen-mapping-0.3.13.tgz 1705ms (cache miss)
1103 http fetch GET 200 https://registry.npmjs.org/js-tokens/-/js-tokens-4.0.0.tgz 1753ms (cache miss)
1104 http fetch GET 200 https://registry.npmjs.org/picocolors/-/picocolors-1.1.1.tgz 1791ms (cache miss)
1105 http fetch GET 200 https://registry.npmjs.org/debug/-/debug-4.4.3.tgz 1821ms (cache miss)
1106 http fetch GET 200 https://registry.npmjs.org/lru-cache/-/lru-cache-5.1.1.tgz 1970ms (cache miss)
1107 http fetch GET 200 https://registry.npmjs.org/browserslist/-/browserslist-4.28.6.tgz 1998ms (cache miss)
1108 http fetch GET 200 https://registry.npmjs.org/@babel/code-frame/-/code-frame-7.29.7.tgz 2018ms (cache miss)
1109 http fetch GET 200 https://registry.npmjs.org/react-refresh/-/react-refresh-0.17.0.tgz 2073ms (cache miss)
1110 http fetch GET 200 https://registry.npmjs.org/@rolldown/pluginutils/-/pluginutils-1.0.0-beta.27.tgz 2072ms (cache miss)
1111 http fetch GET 200 https://registry.npmjs.org/@babel/template/-/template-7.29.7.tgz 2084ms (cache miss)
1112 http fetch GET 200 https://registry.npmjs.org/@babel/helper-validator-option/-/helper-validator-option-7.29.7.tgz 2132ms (cache miss)
1113 http fetch GET 200 https://registry.npmjs.org/@babel/helper-module-transforms/-/helper-module-transforms-7.29.7.tgz 2183ms (cache miss)
1114 http fetch GET 200 https://registry.npmjs.org/@babel/plugin-transform-react-jsx-source/-/plugin-transform-react-jsx-source-7.29.7.tgz 2176ms (cache miss)
1115 http fetch GET 200 https://registry.npmjs.org/@babel/helper-compilation-targets/-/helper-compilation-targets-7.29.7.tgz 2247ms (cache miss)
1116 http fetch GET 200 https://registry.npmjs.org/@babel/traverse/-/traverse-7.29.7.tgz 2313ms (cache miss)
1117 http fetch GET 200 https://registry.npmjs.org/react-router/-/react-router-7.18.1.tgz 2376ms (cache miss)
1118 http fetch GET 200 https://registry.npmjs.org/react-router-dom/-/react-router-dom-7.18.1.tgz 2358ms (cache miss)
1119 http fetch GET 200 https://registry.npmjs.org/@types/babel__core/-/babel__core-7.20.5.tgz 2589ms (cache miss)
1120 http fetch GET 200 https://registry.npmjs.org/react/-/react-18.3.1.tgz 2627ms (cache miss)
1121 http fetch GET 200 https://registry.npmjs.org/@babel/plugin-transform-react-jsx-self/-/plugin-transform-react-jsx-self-7.29.7.tgz 2631ms (cache miss)
1122 http fetch GET 200 https://registry.npmjs.org/@jridgewell/remapping/-/remapping-2.3.5.tgz 2746ms (cache miss)
1123 http fetch GET 200 https://registry.npmjs.org/@vitejs/plugin-react/-/plugin-react-4.7.0.tgz 2864ms (cache miss)
1124 http fetch GET 200 https://registry.npmjs.org/@babel/generator/-/generator-7.29.7.tgz 2939ms (cache miss)
1125 http fetch GET 200 https://registry.npmjs.org/@jridgewell/resolve-uri/-/resolve-uri-3.1.2.tgz 3050ms (cache miss)
1126 http fetch GET 200 https://registry.npmjs.org/@babel/core/-/core-7.29.7.tgz 3044ms (cache miss)
1127 http fetch GET 200 https://registry.npmjs.org/@babel/types/-/types-7.29.7.tgz 3352ms (cache miss)
1128 http fetch GET 200 https://registry.npmjs.org/axios/-/axios-1.18.1.tgz 3362ms (cache miss)
1129 http fetch GET 200 https://registry.npmjs.org/@babel/helpers/-/helpers-7.29.7.tgz 3388ms (cache miss)
1130 http fetch GET 200 https://registry.npmjs.org/@babel/parser/-/parser-7.29.7.tgz 3557ms (cache miss)
1131 http fetch GET 200 https://registry.npmjs.org/@esbuild/win32-x64/-/win32-x64-0.25.12.tgz 3720ms (cache miss)
1132 http fetch GET 200 https://registry.npmjs.org/react-dom/-/react-dom-18.3.1.tgz 3697ms (cache miss)
1133 http fetch GET 200 https://registry.npmjs.org/vite/-/vite-6.4.3.tgz 3822ms (cache miss)
1134 http fetch GET 200 https://registry.npmjs.org/caniuse-lite/-/caniuse-lite-1.0.30001806.tgz 4667ms (cache miss)
1135 http fetch GET 200 https://registry.npmjs.org/lucide-react/-/lucide-react-0.468.0.tgz 12856ms (cache miss)
1136 info run esbuild@0.25.12 postinstall node_modules/esbuild node install.js
1137 info run esbuild@0.25.12 postinstall { code: 0, signal: null }
1138 silly ADD node_modules/@types/estree
1139 silly ADD node_modules/@rollup/rollup-win32-x64-msvc
1140 silly ADD node_modules/@rollup/rollup-win32-x64-gnu
1141 silly ADD node_modules/source-map-js
1142 silly ADD node_modules/nanoid
1143 silly ADD node_modules/@esbuild/win32-x64
1144 silly ADD node_modules/tinyglobby
1145 silly ADD node_modules/rollup
1146 silly ADD node_modules/postcss
1147 silly ADD node_modules/picomatch
1148 silly ADD node_modules/fdir
1149 silly ADD node_modules/esbuild
1150 silly ADD node_modules/escalade
1151 silly ADD node_modules/set-cookie-parser
1152 silly ADD node_modules/cookie
1153 silly ADD node_modules/react-router
1154 silly ADD node_modules/scheduler
1155 silly ADD node_modules/loose-envify
1156 silly ADD node_modules/mime-db
1157 silly ADD node_modules/yallist
1158 silly ADD node_modules/agent-base
1159 silly ADD node_modules/dunder-proto
1160 silly ADD node_modules/math-intrinsics
1161 silly ADD node_modules/has-symbols
1162 silly ADD node_modules/gopd
1163 silly ADD node_modules/get-proto
1164 silly ADD node_modules/function-bind
1165 silly ADD node_modules/es-object-atoms
1166 silly ADD node_modules/es-define-property
1167 silly ADD node_modules/call-bind-apply-helpers
1168 silly ADD node_modules/has-tostringtag
1169 silly ADD node_modules/get-intrinsic
1170 silly ADD node_modules/es-errors
1171 silly ADD node_modules/delayed-stream
1172 silly ADD node_modules/mime-types
1173 silly ADD node_modules/hasown
1174 silly ADD node_modules/es-set-tostringtag
1175 silly ADD node_modules/combined-stream
1176 silly ADD node_modules/asynckit
1177 silly ADD node_modules/ms
1178 silly ADD node_modules/update-browserslist-db
1179 silly ADD node_modules/node-releases
1180 silly ADD node_modules/electron-to-chromium
1181 silly ADD node_modules/caniuse-lite
1182 silly ADD node_modules/baseline-browser-mapping
1183 silly ADD node_modules/proxy-from-env
1184 silly ADD node_modules/https-proxy-agent
1185 silly ADD node_modules/form-data
1186 silly ADD node_modules/follow-redirects
1187 silly ADD node_modules/@types/babel__traverse
1188 silly ADD node_modules/@types/babel__template
1189 silly ADD node_modules/@types/babel__generator
1190 silly ADD node_modules/@jridgewell/resolve-uri
1191 silly ADD node_modules/@jridgewell/sourcemap-codec
1192 silly ADD node_modules/@babel/helper-string-parser
1193 silly ADD node_modules/@babel/helper-globals
1194 silly ADD node_modules/@babel/helper-plugin-utils
1195 silly ADD node_modules/@babel/helper-module-imports
1196 silly ADD node_modules/lru-cache
1197 silly ADD node_modules/browserslist
1198 silly ADD node_modules/@babel/helper-validator-option
1199 silly ADD node_modules/@babel/compat-data
1200 silly ADD node_modules/jsesc
1201 silly ADD node_modules/@jridgewell/trace-mapping
1202 silly ADD node_modules/@jridgewell/gen-mapping
1203 silly ADD node_modules/picocolors
1204 silly ADD node_modules/js-tokens
1205 silly ADD node_modules/@babel/helper-validator-identifier
1206 silly ADD node_modules/semver
1207 silly ADD node_modules/json5
1208 silly ADD node_modules/gensync
1209 silly ADD node_modules/debug
1210 silly ADD node_modules/convert-source-map
1211 silly ADD node_modules/@jridgewell/remapping
1212 silly ADD node_modules/@babel/types
1213 silly ADD node_modules/@babel/traverse
1214 silly ADD node_modules/@babel/template
1215 silly ADD node_modules/@babel/parser
1216 silly ADD node_modules/@babel/helpers
1217 silly ADD node_modules/@babel/helper-module-transforms
1218 silly ADD node_modules/@babel/helper-compilation-targets
1219 silly ADD node_modules/@babel/generator
1220 silly ADD node_modules/@babel/code-frame
1221 silly ADD node_modules/react-refresh
1222 silly ADD node_modules/@types/babel__core
1223 silly ADD node_modules/@rolldown/pluginutils
1224 silly ADD node_modules/@babel/plugin-transform-react-jsx-source
1225 silly ADD node_modules/@babel/plugin-transform-react-jsx-self
1226 silly ADD node_modules/@babel/core
1227 silly ADD node_modules/react-router-dom
1228 silly ADD node_modules/react-dom
1229 silly ADD node_modules/react
1230 silly ADD node_modules/lucide-react
1231 silly ADD node_modules/axios
1232 silly ADD node_modules/vite
1233 silly ADD node_modules/@vitejs/plugin-react
1234 warn allow-scripts 1 package has install scripts not yet covered by allowScripts:
1234 warn allow-scripts   esbuild@0.25.12 (postinstall: node install.js)
1234 warn allow-scripts
1234 warn allow-scripts Run `npm approve-scripts --allow-scripts-pending` to review, or `npm approve-scripts <pkg>` to allow.
1235 verbose cwd C:\Users\admin\Documents\Codex\2026-07-16\cr\outputs\study-room-booking\client
1236 verbose os Windows_NT 10.0.26200
1237 verbose node v24.18.0
1238 verbose npm  v11.16.0
1239 notice
1239 notice New major version of npm available! 11.16.0 -> 12.0.1
1239 notice Changelog: https://github.com/npm/cli/releases/tag/v12.0.1
1239 notice To update run: npm install -g npm@12.0.1
1239 notice  { force: true, Symbol(proc-log.meta): true }
1240 verbose exit 0
1241 info ok
